"market_id","market_name","period","period_index","year","quarter","teen_birth_rate","mtv_rating_pre","unemployment_rate"
"DMA001","メディア市場01","2007 Q1",1,2007,1,41.594,17.07,6.22
"DMA001","メディア市場01","2007 Q2",2,2007,2,41.189,17.07,6.83
"DMA001","メディア市場01","2007 Q3",3,2007,3,44.274,17.07,6.05
"DMA001","メディア市場01","2007 Q4",4,2007,4,40.564,17.07,6.22
"DMA001","メディア市場01","2008 Q1",5,2008,1,42.276,17.07,5.69
"DMA001","メディア市場01","2008 Q2",6,2008,2,42.038,17.07,6.25
"DMA001","メディア市場01","2008 Q3",7,2008,3,41.656,17.07,7.03
"DMA001","メディア市場01","2008 Q4",8,2008,4,42.011,17.07,6.78
"DMA001","メディア市場01","2009 Q1",9,2009,1,41.363,17.07,6.46
"DMA001","メディア市場01","2009 Q2",10,2009,2,40.728,17.07,6.86
"DMA001","メディア市場01","2009 Q3",11,2009,3,40.593,17.07,7.04
"DMA001","メディア市場01","2009 Q4",12,2009,4,39.19,17.07,6.49
"DMA001","メディア市場01","2010 Q1",13,2010,1,41.481,17.07,7.48
"DMA001","メディア市場01","2010 Q2",14,2010,2,39.706,17.07,6.07
"DMA001","メディア市場01","2010 Q3",15,2010,3,36.513,17.07,7.23
"DMA001","メディア市場01","2010 Q4",16,2010,4,38.951,17.07,6.58
"DMA001","メディア市場01","2011 Q1",17,2011,1,39.503,17.07,7.21
"DMA001","メディア市場01","2011 Q2",18,2011,2,38.82,17.07,6.55
"DMA001","メディア市場01","2011 Q3",19,2011,3,37.815,17.07,6.81
"DMA001","メディア市場01","2011 Q4",20,2011,4,37.745,17.07,7.2
"DMA002","メディア市場02","2007 Q1",1,2007,1,40.001,6.06,6.13
"DMA002","メディア市場02","2007 Q2",2,2007,2,38.674,6.06,5.61
"DMA002","メディア市場02","2007 Q3",3,2007,3,40.046,6.06,6.23
"DMA002","メディア市場02","2007 Q4",4,2007,4,39.856,6.06,6.09
"DMA002","メディア市場02","2008 Q1",5,2008,1,40.512,6.06,6.09
"DMA002","メディア市場02","2008 Q2",6,2008,2,38.552,6.06,6.12
"DMA002","メディア市場02","2008 Q3",7,2008,3,38.654,6.06,6.27
"DMA002","メディア市場02","2008 Q4",8,2008,4,39.46,6.06,6.32
"DMA002","メディア市場02","2009 Q1",9,2009,1,37.434,6.06,6.77
"DMA002","メディア市場02","2009 Q2",10,2009,2,37.907,6.06,6.11
"DMA002","メディア市場02","2009 Q3",11,2009,3,39.697,6.06,6.48
"DMA002","メディア市場02","2009 Q4",12,2009,4,38.475,6.06,6.77
"DMA002","メディア市場02","2010 Q1",13,2010,1,40.322,6.06,6.42
"DMA002","メディア市場02","2010 Q2",14,2010,2,38.883,6.06,7.1
"DMA002","メディア市場02","2010 Q3",15,2010,3,39.834,6.06,6.23
"DMA002","メディア市場02","2010 Q4",16,2010,4,39.424,6.06,6.78
"DMA002","メディア市場02","2011 Q1",17,2011,1,38.424,6.06,6.48
"DMA002","メディア市場02","2011 Q2",18,2011,2,39.459,6.06,6.76
"DMA002","メディア市場02","2011 Q3",19,2011,3,39.529,6.06,6.69
"DMA002","メディア市場02","2011 Q4",20,2011,4,37.955,6.06,7.05
"DMA003","メディア市場03","2007 Q1",1,2007,1,43.16,9.48,6.03
"DMA003","メディア市場03","2007 Q2",2,2007,2,43.575,9.48,5.33
"DMA003","メディア市場03","2007 Q3",3,2007,3,43.531,9.48,5.82
"DMA003","メディア市場03","2007 Q4",4,2007,4,43.699,9.48,6.61
"DMA003","メディア市場03","2008 Q1",5,2008,1,43.081,9.48,5.95
"DMA003","メディア市場03","2008 Q2",6,2008,2,42.331,9.48,6.01
"DMA003","メディア市場03","2008 Q3",7,2008,3,41.523,9.48,6.08
"DMA003","メディア市場03","2008 Q4",8,2008,4,44.248,9.48,6.19
"DMA003","メディア市場03","2009 Q1",9,2009,1,42.645,9.48,6.59
"DMA003","メディア市場03","2009 Q2",10,2009,2,41.183,9.48,6.05
"DMA003","メディア市場03","2009 Q3",11,2009,3,42.101,9.48,6.88
"DMA003","メディア市場03","2009 Q4",12,2009,4,42.111,9.48,6.66
"DMA003","メディア市場03","2010 Q1",13,2010,1,40.956,9.48,6.36
"DMA003","メディア市場03","2010 Q2",14,2010,2,40.48,9.48,6.62
"DMA003","メディア市場03","2010 Q3",15,2010,3,40.918,9.48,5.85
"DMA003","メディア市場03","2010 Q4",16,2010,4,41.711,9.48,6.41
"DMA003","メディア市場03","2011 Q1",17,2011,1,41.761,9.48,6.56
"DMA003","メディア市場03","2011 Q2",18,2011,2,39.765,9.48,7.46
"DMA003","メディア市場03","2011 Q3",19,2011,3,40.172,9.48,6.75
"DMA003","メディア市場03","2011 Q4",20,2011,4,41.1,9.48,6.76
"DMA004","メディア市場04","2007 Q1",1,2007,1,42.979,6.93,6.42
"DMA004","メディア市場04","2007 Q2",2,2007,2,40.423,6.93,6.33
"DMA004","メディア市場04","2007 Q3",3,2007,3,40.511,6.93,5.64
"DMA004","メディア市場04","2007 Q4",4,2007,4,39.202,6.93,6.27
"DMA004","メディア市場04","2008 Q1",5,2008,1,41.982,6.93,6.14
"DMA004","メディア市場04","2008 Q2",6,2008,2,41.714,6.93,5.78
"DMA004","メディア市場04","2008 Q3",7,2008,3,40.889,6.93,6.35
"DMA004","メディア市場04","2008 Q4",8,2008,4,39.123,6.93,6.14
"DMA004","メディア市場04","2009 Q1",9,2009,1,40.852,6.93,6.12
"DMA004","メディア市場04","2009 Q2",10,2009,2,39.102,6.93,6.25
"DMA004","メディア市場04","2009 Q3",11,2009,3,39.971,6.93,6.57
"DMA004","メディア市場04","2009 Q4",12,2009,4,39.146,6.93,6.83
"DMA004","メディア市場04","2010 Q1",13,2010,1,40.858,6.93,6.49
"DMA004","メディア市場04","2010 Q2",14,2010,2,39.657,6.93,6.61
"DMA004","メディア市場04","2010 Q3",15,2010,3,41.798,6.93,6.15
"DMA004","メディア市場04","2010 Q4",16,2010,4,39.998,6.93,6.4
"DMA004","メディア市場04","2011 Q1",17,2011,1,39.966,6.93,7.09
"DMA004","メディア市場04","2011 Q2",18,2011,2,38.893,6.93,6.67
"DMA004","メディア市場04","2011 Q3",19,2011,3,38.245,6.93,6.22
"DMA004","メディア市場04","2011 Q4",20,2011,4,40.7,6.93,7.37
"DMA005","メディア市場05","2007 Q1",1,2007,1,43.251,16.63,6.22
"DMA005","メディア市場05","2007 Q2",2,2007,2,40.622,16.63,6.31
"DMA005","メディア市場05","2007 Q3",3,2007,3,42.638,16.63,6.32
"DMA005","メディア市場05","2007 Q4",4,2007,4,42.059,16.63,6.2
"DMA005","メディア市場05","2008 Q1",5,2008,1,41.943,16.63,6.19
"DMA005","メディア市場05","2008 Q2",6,2008,2,41.64,16.63,6.39
"DMA005","メディア市場05","2008 Q3",7,2008,3,39.745,16.63,5.94
"DMA005","メディア市場05","2008 Q4",8,2008,4,39.067,16.63,6.24
"DMA005","メディア市場05","2009 Q1",9,2009,1,40.205,16.63,5.86
"DMA005","メディア市場05","2009 Q2",10,2009,2,41.746,16.63,6.87
"DMA005","メディア市場05","2009 Q3",11,2009,3,39.094,16.63,6.64
"DMA005","メディア市場05","2009 Q4",12,2009,4,38.933,16.63,6.65
"DMA005","メディア市場05","2010 Q1",13,2010,1,38.405,16.63,6.82
"DMA005","メディア市場05","2010 Q2",14,2010,2,39.687,16.63,6.65
"DMA005","メディア市場05","2010 Q3",15,2010,3,39.58,16.63,7.33
"DMA005","メディア市場05","2010 Q4",16,2010,4,36.622,16.63,6.51
"DMA005","メディア市場05","2011 Q1",17,2011,1,38.704,16.63,7.03
"DMA005","メディア市場05","2011 Q2",18,2011,2,37.602,16.63,7.45
"DMA005","メディア市場05","2011 Q3",19,2011,3,36.75,16.63,7.71
"DMA005","メディア市場05","2011 Q4",20,2011,4,35.556,16.63,7.01
"DMA006","メディア市場06","2007 Q1",1,2007,1,37.356,12.12,6.02
"DMA006","メディア市場06","2007 Q2",2,2007,2,39.328,12.12,5.66
"DMA006","メディア市場06","2007 Q3",3,2007,3,36.622,12.12,6
"DMA006","メディア市場06","2007 Q4",4,2007,4,39.556,12.12,6.12
"DMA006","メディア市場06","2008 Q1",5,2008,1,37.266,12.12,6.3
"DMA006","メディア市場06","2008 Q2",6,2008,2,37.776,12.12,6.67
"DMA006","メディア市場06","2008 Q3",7,2008,3,38.137,12.12,6.2
"DMA006","メディア市場06","2008 Q4",8,2008,4,38.415,12.12,6.28
"DMA006","メディア市場06","2009 Q1",9,2009,1,38.208,12.12,6.14
"DMA006","メディア市場06","2009 Q2",10,2009,2,37.082,12.12,6.64
"DMA006","メディア市場06","2009 Q3",11,2009,3,37.494,12.12,6.51
"DMA006","メディア市場06","2009 Q4",12,2009,4,36.464,12.12,6.41
"DMA006","メディア市場06","2010 Q1",13,2010,1,36.633,12.12,6.57
"DMA006","メディア市場06","2010 Q2",14,2010,2,36.849,12.12,7.02
"DMA006","メディア市場06","2010 Q3",15,2010,3,36.145,12.12,6.32
"DMA006","メディア市場06","2010 Q4",16,2010,4,37.038,12.12,7.07
"DMA006","メディア市場06","2011 Q1",17,2011,1,37.612,12.12,6.6
"DMA006","メディア市場06","2011 Q2",18,2011,2,35.178,12.12,7.08
"DMA006","メディア市場06","2011 Q3",19,2011,3,36.738,12.12,6.32
"DMA006","メディア市場06","2011 Q4",20,2011,4,35.895,12.12,7.05
"DMA007","メディア市場07","2007 Q1",1,2007,1,42.002,10.16,5.91
"DMA007","メディア市場07","2007 Q2",2,2007,2,42.252,10.16,5.59
"DMA007","メディア市場07","2007 Q3",3,2007,3,41.689,10.16,5.46
"DMA007","メディア市場07","2007 Q4",4,2007,4,41.926,10.16,5.94
"DMA007","メディア市場07","2008 Q1",5,2008,1,41.269,10.16,6.43
"DMA007","メディア市場07","2008 Q2",6,2008,2,40.218,10.16,6.31
"DMA007","メディア市場07","2008 Q3",7,2008,3,40.012,10.16,5.85
"DMA007","メディア市場07","2008 Q4",8,2008,4,40.975,10.16,7.33
"DMA007","メディア市場07","2009 Q1",9,2009,1,40.938,10.16,5.81
"DMA007","メディア市場07","2009 Q2",10,2009,2,38.523,10.16,6.2
"DMA007","メディア市場07","2009 Q3",11,2009,3,39.178,10.16,6.32
"DMA007","メディア市場07","2009 Q4",12,2009,4,40.727,10.16,6.22
"DMA007","メディア市場07","2010 Q1",13,2010,1,40.952,10.16,6.63
"DMA007","メディア市場07","2010 Q2",14,2010,2,37.792,10.16,6.75
"DMA007","メディア市場07","2010 Q3",15,2010,3,39.732,10.16,6.75
"DMA007","メディア市場07","2010 Q4",16,2010,4,39.331,10.16,6.95
"DMA007","メディア市場07","2011 Q1",17,2011,1,39.917,10.16,6.49
"DMA007","メディア市場07","2011 Q2",18,2011,2,40.26,10.16,6.63
"DMA007","メディア市場07","2011 Q3",19,2011,3,38.594,10.16,6.51
"DMA007","メディア市場07","2011 Q4",20,2011,4,37.907,10.16,6.77
"DMA008","メディア市場08","2007 Q1",1,2007,1,41.856,22.02,6.3
"DMA008","メディア市場08","2007 Q2",2,2007,2,40.328,22.02,6.45
"DMA008","メディア市場08","2007 Q3",3,2007,3,40.662,22.02,6.44
"DMA008","メディア市場08","2007 Q4",4,2007,4,40,22.02,6.56
"DMA008","メディア市場08","2008 Q1",5,2008,1,39.193,22.02,6.36
"DMA008","メディア市場08","2008 Q2",6,2008,2,38.929,22.02,6.67
"DMA008","メディア市場08","2008 Q3",7,2008,3,38.442,22.02,6.74
"DMA008","メディア市場08","2008 Q4",8,2008,4,40.167,22.02,7.1
"DMA008","メディア市場08","2009 Q1",9,2009,1,39.044,22.02,6.23
"DMA008","メディア市場08","2009 Q2",10,2009,2,38.784,22.02,6.67
"DMA008","メディア市場08","2009 Q3",11,2009,3,38.267,22.02,6.73
"DMA008","メディア市場08","2009 Q4",12,2009,4,38.845,22.02,6.55
"DMA008","メディア市場08","2010 Q1",13,2010,1,37.174,22.02,7.25
"DMA008","メディア市場08","2010 Q2",14,2010,2,37.013,22.02,7.44
"DMA008","メディア市場08","2010 Q3",15,2010,3,35.946,22.02,7.27
"DMA008","メディア市場08","2010 Q4",16,2010,4,37.43,22.02,7.3
"DMA008","メディア市場08","2011 Q1",17,2011,1,36.91,22.02,6.33
"DMA008","メディア市場08","2011 Q2",18,2011,2,34.226,22.02,6.87
"DMA008","メディア市場08","2011 Q3",19,2011,3,34.297,22.02,7.24
"DMA008","メディア市場08","2011 Q4",20,2011,4,35.142,22.02,7.57
"DMA009","メディア市場09","2007 Q1",1,2007,1,37.73,7.34,5.57
"DMA009","メディア市場09","2007 Q2",2,2007,2,37.309,7.34,6.24
"DMA009","メディア市場09","2007 Q3",3,2007,3,35.458,7.34,5.36
"DMA009","メディア市場09","2007 Q4",4,2007,4,35.973,7.34,5.75
"DMA009","メディア市場09","2008 Q1",5,2008,1,39.13,7.34,6.08
"DMA009","メディア市場09","2008 Q2",6,2008,2,38.309,7.34,5.99
"DMA009","メディア市場09","2008 Q3",7,2008,3,35.091,7.34,6.4
"DMA009","メディア市場09","2008 Q4",8,2008,4,36.59,7.34,6.07
"DMA009","メディア市場09","2009 Q1",9,2009,1,35.944,7.34,6.43
"DMA009","メディア市場09","2009 Q2",10,2009,2,34.18,7.34,7.01
"DMA009","メディア市場09","2009 Q3",11,2009,3,34.24,7.34,6.18
"DMA009","メディア市場09","2009 Q4",12,2009,4,36.163,7.34,7.13
"DMA009","メディア市場09","2010 Q1",13,2010,1,35.944,7.34,6.18
"DMA009","メディア市場09","2010 Q2",14,2010,2,36.03,7.34,6.54
"DMA009","メディア市場09","2010 Q3",15,2010,3,36.206,7.34,6.83
"DMA009","メディア市場09","2010 Q4",16,2010,4,36.771,7.34,6.15
"DMA009","メディア市場09","2011 Q1",17,2011,1,36.055,7.34,6.54
"DMA009","メディア市場09","2011 Q2",18,2011,2,33.823,7.34,7.7
"DMA009","メディア市場09","2011 Q3",19,2011,3,35.537,7.34,6.91
"DMA009","メディア市場09","2011 Q4",20,2011,4,36.012,7.34,6.76
"DMA010","メディア市場10","2007 Q1",1,2007,1,41.41,19.27,6.54
"DMA010","メディア市場10","2007 Q2",2,2007,2,41.36,19.27,6.76
"DMA010","メディア市場10","2007 Q3",3,2007,3,41.568,19.27,6.46
"DMA010","メディア市場10","2007 Q4",4,2007,4,41.806,19.27,6.29
"DMA010","メディア市場10","2008 Q1",5,2008,1,40.131,19.27,6.61
"DMA010","メディア市場10","2008 Q2",6,2008,2,41.356,19.27,7.21
"DMA010","メディア市場10","2008 Q3",7,2008,3,39.329,19.27,6.88
"DMA010","メディア市場10","2008 Q4",8,2008,4,42.685,19.27,6.84
"DMA010","メディア市場10","2009 Q1",9,2009,1,40.785,19.27,7.04
"DMA010","メディア市場10","2009 Q2",10,2009,2,39.119,19.27,6.75
"DMA010","メディア市場10","2009 Q3",11,2009,3,40.045,19.27,6.84
"DMA010","メディア市場10","2009 Q4",12,2009,4,39.943,19.27,6.98
"DMA010","メディア市場10","2010 Q1",13,2010,1,37.738,19.27,6.72
"DMA010","メディア市場10","2010 Q2",14,2010,2,38.84,19.27,7.02
"DMA010","メディア市場10","2010 Q3",15,2010,3,38.164,19.27,7.05
"DMA010","メディア市場10","2010 Q4",16,2010,4,37.807,19.27,6.2
"DMA010","メディア市場10","2011 Q1",17,2011,1,39.63,19.27,6.51
"DMA010","メディア市場10","2011 Q2",18,2011,2,36.204,19.27,6.79
"DMA010","メディア市場10","2011 Q3",19,2011,3,36.233,19.27,6.88
"DMA010","メディア市場10","2011 Q4",20,2011,4,34.811,19.27,7.52
"DMA011","メディア市場11","2007 Q1",1,2007,1,41.605,18.03,5.67
"DMA011","メディア市場11","2007 Q2",2,2007,2,41.065,18.03,6.42
"DMA011","メディア市場11","2007 Q3",3,2007,3,39.236,18.03,6.29
"DMA011","メディア市場11","2007 Q4",4,2007,4,40.318,18.03,6.52
"DMA011","メディア市場11","2008 Q1",5,2008,1,42.093,18.03,6.55
"DMA011","メディア市場11","2008 Q2",6,2008,2,39.425,18.03,6.48
"DMA011","メディア市場11","2008 Q3",7,2008,3,39.917,18.03,6.98
"DMA011","メディア市場11","2008 Q4",8,2008,4,39.816,18.03,6.56
"DMA011","メディア市場11","2009 Q1",9,2009,1,41.018,18.03,6.57
"DMA011","メディア市場11","2009 Q2",10,2009,2,39.532,18.03,6.58
"DMA011","メディア市場11","2009 Q3",11,2009,3,37.692,18.03,6.89
"DMA011","メディア市場11","2009 Q4",12,2009,4,37.432,18.03,7.43
"DMA011","メディア市場11","2010 Q1",13,2010,1,38.944,18.03,6.77
"DMA011","メディア市場11","2010 Q2",14,2010,2,39.495,18.03,6.95
"DMA011","メディア市場11","2010 Q3",15,2010,3,36.885,18.03,7.12
"DMA011","メディア市場11","2010 Q4",16,2010,4,35.7,18.03,6.76
"DMA011","メディア市場11","2011 Q1",17,2011,1,38.248,18.03,6.75
"DMA011","メディア市場11","2011 Q2",18,2011,2,38.168,18.03,7.42
"DMA011","メディア市場11","2011 Q3",19,2011,3,35.419,18.03,6.71
"DMA011","メディア市場11","2011 Q4",20,2011,4,37.191,18.03,7.61
"DMA012","メディア市場12","2007 Q1",1,2007,1,43.641,12.16,5.58
"DMA012","メディア市場12","2007 Q2",2,2007,2,43.676,12.16,5.94
"DMA012","メディア市場12","2007 Q3",3,2007,3,43.807,12.16,6.54
"DMA012","メディア市場12","2007 Q4",4,2007,4,43.16,12.16,5.84
"DMA012","メディア市場12","2008 Q1",5,2008,1,44.529,12.16,5.97
"DMA012","メディア市場12","2008 Q2",6,2008,2,42.464,12.16,5.34
"DMA012","メディア市場12","2008 Q3",7,2008,3,42.07,12.16,5.85
"DMA012","メディア市場12","2008 Q4",8,2008,4,42.934,12.16,5.66
"DMA012","メディア市場12","2009 Q1",9,2009,1,43.189,12.16,5.67
"DMA012","メディア市場12","2009 Q2",10,2009,2,42.757,12.16,6.66
"DMA012","メディア市場12","2009 Q3",11,2009,3,41.247,12.16,6.73
"DMA012","メディア市場12","2009 Q4",12,2009,4,42.311,12.16,6.39
"DMA012","メディア市場12","2010 Q1",13,2010,1,41.412,12.16,5.88
"DMA012","メディア市場12","2010 Q2",14,2010,2,40.829,12.16,7.27
"DMA012","メディア市場12","2010 Q3",15,2010,3,41.447,12.16,7.05
"DMA012","メディア市場12","2010 Q4",16,2010,4,42.359,12.16,7.1
"DMA012","メディア市場12","2011 Q1",17,2011,1,41,12.16,6.83
"DMA012","メディア市場12","2011 Q2",18,2011,2,41.015,12.16,7.08
"DMA012","メディア市場12","2011 Q3",19,2011,3,41.037,12.16,7.3
"DMA012","メディア市場12","2011 Q4",20,2011,4,41.494,12.16,7.42
"DMA013","メディア市場13","2007 Q1",1,2007,1,42.502,15.41,6.39
"DMA013","メディア市場13","2007 Q2",2,2007,2,42.266,15.41,5.49
"DMA013","メディア市場13","2007 Q3",3,2007,3,39.67,15.41,5.97
"DMA013","メディア市場13","2007 Q4",4,2007,4,40.852,15.41,6.8
"DMA013","メディア市場13","2008 Q1",5,2008,1,41.266,15.41,6.36
"DMA013","メディア市場13","2008 Q2",6,2008,2,42.21,15.41,6.44
"DMA013","メディア市場13","2008 Q3",7,2008,3,40.08,15.41,6.76
"DMA013","メディア市場13","2008 Q4",8,2008,4,40.161,15.41,6.44
"DMA013","メディア市場13","2009 Q1",9,2009,1,41.148,15.41,6.73
"DMA013","メディア市場13","2009 Q2",10,2009,2,41.928,15.41,6.72
"DMA013","メディア市場13","2009 Q3",11,2009,3,38.366,15.41,6.62
"DMA013","メディア市場13","2009 Q4",12,2009,4,39.159,15.41,6.5
"DMA013","メディア市場13","2010 Q1",13,2010,1,38.823,15.41,7.1
"DMA013","メディア市場13","2010 Q2",14,2010,2,39.152,15.41,6.71
"DMA013","メディア市場13","2010 Q3",15,2010,3,39.542,15.41,7.05
"DMA013","メディア市場13","2010 Q4",16,2010,4,37.96,15.41,7.23
"DMA013","メディア市場13","2011 Q1",17,2011,1,37.19,15.41,7.92
"DMA013","メディア市場13","2011 Q2",18,2011,2,39.146,15.41,7.09
"DMA013","メディア市場13","2011 Q3",19,2011,3,38.097,15.41,7.4
"DMA013","メディア市場13","2011 Q4",20,2011,4,38.91,15.41,7.6
"DMA014","メディア市場14","2007 Q1",1,2007,1,43.907,20.48,6.26
"DMA014","メディア市場14","2007 Q2",2,2007,2,44.513,20.48,6.23
"DMA014","メディア市場14","2007 Q3",3,2007,3,44.696,20.48,6.07
"DMA014","メディア市場14","2007 Q4",4,2007,4,46.24,20.48,6.76
"DMA014","メディア市場14","2008 Q1",5,2008,1,44.997,20.48,6.41
"DMA014","メディア市場14","2008 Q2",6,2008,2,44.884,20.48,6.57
"DMA014","メディア市場14","2008 Q3",7,2008,3,43.12,20.48,6.78
"DMA014","メディア市場14","2008 Q4",8,2008,4,44.509,20.48,6.74
"DMA014","メディア市場14","2009 Q1",9,2009,1,44.292,20.48,6.43
"DMA014","メディア市場14","2009 Q2",10,2009,2,43.144,20.48,7.21
"DMA014","メディア市場14","2009 Q3",11,2009,3,42.227,20.48,6.65
"DMA014","メディア市場14","2009 Q4",12,2009,4,44.148,20.48,7
"DMA014","メディア市場14","2010 Q1",13,2010,1,42.63,20.48,7.01
"DMA014","メディア市場14","2010 Q2",14,2010,2,40.918,20.48,7.04
"DMA014","メディア市場14","2010 Q3",15,2010,3,39.48,20.48,6.54
"DMA014","メディア市場14","2010 Q4",16,2010,4,40.796,20.48,7.84
"DMA014","メディア市場14","2011 Q1",17,2011,1,39.972,20.48,6.58
"DMA014","メディア市場14","2011 Q2",18,2011,2,40.342,20.48,7.93
"DMA014","メディア市場14","2011 Q3",19,2011,3,38.707,20.48,7.51
"DMA014","メディア市場14","2011 Q4",20,2011,4,39.741,20.48,6.21
"DMA015","メディア市場15","2007 Q1",1,2007,1,42.784,11.31,5.39
"DMA015","メディア市場15","2007 Q2",2,2007,2,42.807,11.31,6.54
"DMA015","メディア市場15","2007 Q3",3,2007,3,43.725,11.31,5.53
"DMA015","メディア市場15","2007 Q4",4,2007,4,43.261,11.31,6.24
"DMA015","メディア市場15","2008 Q1",5,2008,1,42.747,11.31,5.98
"DMA015","メディア市場15","2008 Q2",6,2008,2,41.874,11.31,5.94
"DMA015","メディア市場15","2008 Q3",7,2008,3,43.418,11.31,6.38
"DMA015","メディア市場15","2008 Q4",8,2008,4,41.886,11.31,5.72
"DMA015","メディア市場15","2009 Q1",9,2009,1,42.755,11.31,6.51
"DMA015","メディア市場15","2009 Q2",10,2009,2,41.961,11.31,5.9
"DMA015","メディア市場15","2009 Q3",11,2009,3,40.623,11.31,6.13
"DMA015","メディア市場15","2009 Q4",12,2009,4,42.939,11.31,6.54
"DMA015","メディア市場15","2010 Q1",13,2010,1,43.17,11.31,6.7
"DMA015","メディア市場15","2010 Q2",14,2010,2,39.945,11.31,7.14
"DMA015","メディア市場15","2010 Q3",15,2010,3,40.3,11.31,6.72
"DMA015","メディア市場15","2010 Q4",16,2010,4,41.795,11.31,7.13
"DMA015","メディア市場15","2011 Q1",17,2011,1,41.235,11.31,6.86
"DMA015","メディア市場15","2011 Q2",18,2011,2,39.832,11.31,6.78
"DMA015","メディア市場15","2011 Q3",19,2011,3,40.49,11.31,6.15
"DMA015","メディア市場15","2011 Q4",20,2011,4,40.214,11.31,6.71
"DMA016","メディア市場16","2007 Q1",1,2007,1,39.969,18.6,6.26
"DMA016","メディア市場16","2007 Q2",2,2007,2,39.212,18.6,5.59
"DMA016","メディア市場16","2007 Q3",3,2007,3,38.671,18.6,6.8
"DMA016","メディア市場16","2007 Q4",4,2007,4,39.04,18.6,5.87
"DMA016","メディア市場16","2008 Q1",5,2008,1,38.708,18.6,6.7
"DMA016","メディア市場16","2008 Q2",6,2008,2,38.541,18.6,6.05
"DMA016","メディア市場16","2008 Q3",7,2008,3,38.632,18.6,6.48
"DMA016","メディア市場16","2008 Q4",8,2008,4,38.721,18.6,6.46
"DMA016","メディア市場16","2009 Q1",9,2009,1,39.564,18.6,7.07
"DMA016","メディア市場16","2009 Q2",10,2009,2,40.265,18.6,6.63
"DMA016","メディア市場16","2009 Q3",11,2009,3,37.622,18.6,6.81
"DMA016","メディア市場16","2009 Q4",12,2009,4,36.911,18.6,7.07
"DMA016","メディア市場16","2010 Q1",13,2010,1,38.146,18.6,6.48
"DMA016","メディア市場16","2010 Q2",14,2010,2,37.159,18.6,6.5
"DMA016","メディア市場16","2010 Q3",15,2010,3,34.653,18.6,7.06
"DMA016","メディア市場16","2010 Q4",16,2010,4,37.072,18.6,7.35
"DMA016","メディア市場16","2011 Q1",17,2011,1,36.039,18.6,7.46
"DMA016","メディア市場16","2011 Q2",18,2011,2,35.321,18.6,6.49
"DMA016","メディア市場16","2011 Q3",19,2011,3,35.242,18.6,7.29
"DMA016","メディア市場16","2011 Q4",20,2011,4,34.95,18.6,7.24
"DMA017","メディア市場17","2007 Q1",1,2007,1,40.536,13.34,6.33
"DMA017","メディア市場17","2007 Q2",2,2007,2,39.702,13.34,5.89
"DMA017","メディア市場17","2007 Q3",3,2007,3,39.668,13.34,5.58
"DMA017","メディア市場17","2007 Q4",4,2007,4,40.893,13.34,6.41
"DMA017","メディア市場17","2008 Q1",5,2008,1,39.131,13.34,6.48
"DMA017","メディア市場17","2008 Q2",6,2008,2,39.031,13.34,6.61
"DMA017","メディア市場17","2008 Q3",7,2008,3,37.974,13.34,6.33
"DMA017","メディア市場17","2008 Q4",8,2008,4,39.942,13.34,6.23
"DMA017","メディア市場17","2009 Q1",9,2009,1,39.807,13.34,6.05
"DMA017","メディア市場17","2009 Q2",10,2009,2,39.393,13.34,6.82
"DMA017","メディア市場17","2009 Q3",11,2009,3,36.984,13.34,6.75
"DMA017","メディア市場17","2009 Q4",12,2009,4,38.316,13.34,6.9
"DMA017","メディア市場17","2010 Q1",13,2010,1,38.009,13.34,7.41
"DMA017","メディア市場17","2010 Q2",14,2010,2,37.092,13.34,6.75
"DMA017","メディア市場17","2010 Q3",15,2010,3,36.527,13.34,7.26
"DMA017","メディア市場17","2010 Q4",16,2010,4,37.726,13.34,7.2
"DMA017","メディア市場17","2011 Q1",17,2011,1,36.854,13.34,7.11
"DMA017","メディア市場17","2011 Q2",18,2011,2,37.403,13.34,7.19
"DMA017","メディア市場17","2011 Q3",19,2011,3,35.399,13.34,7.17
"DMA017","メディア市場17","2011 Q4",20,2011,4,35.998,13.34,7.22
"DMA018","メディア市場18","2007 Q1",1,2007,1,44.78,17.3,6.73
"DMA018","メディア市場18","2007 Q2",2,2007,2,43.263,17.3,6.61
"DMA018","メディア市場18","2007 Q3",3,2007,3,41.659,17.3,6.05
"DMA018","メディア市場18","2007 Q4",4,2007,4,44.594,17.3,5.83
"DMA018","メディア市場18","2008 Q1",5,2008,1,42.934,17.3,5.49
"DMA018","メディア市場18","2008 Q2",6,2008,2,40.475,17.3,6.41
"DMA018","メディア市場18","2008 Q3",7,2008,3,40.133,17.3,6.78
"DMA018","メディア市場18","2008 Q4",8,2008,4,44.064,17.3,6.26
"DMA018","メディア市場18","2009 Q1",9,2009,1,43.964,17.3,6.42
"DMA018","メディア市場18","2009 Q2",10,2009,2,42.207,17.3,5.98
"DMA018","メディア市場18","2009 Q3",11,2009,3,41.706,17.3,7.11
"DMA018","メディア市場18","2009 Q4",12,2009,4,42.171,17.3,7.18
"DMA018","メディア市場18","2010 Q1",13,2010,1,40.781,17.3,7.06
"DMA018","メディア市場18","2010 Q2",14,2010,2,40.624,17.3,7.65
"DMA018","メディア市場18","2010 Q3",15,2010,3,39.358,17.3,6.58
"DMA018","メディア市場18","2010 Q4",16,2010,4,39.02,17.3,7.05
"DMA018","メディア市場18","2011 Q1",17,2011,1,40.689,17.3,6.99
"DMA018","メディア市場18","2011 Q2",18,2011,2,39.24,17.3,7.21
"DMA018","メディア市場18","2011 Q3",19,2011,3,38.218,17.3,6.97
"DMA018","メディア市場18","2011 Q4",20,2011,4,38.444,17.3,6.72
"DMA019","メディア市場19","2007 Q1",1,2007,1,42.806,16.85,6.21
"DMA019","メディア市場19","2007 Q2",2,2007,2,41.702,16.85,6.66
"DMA019","メディア市場19","2007 Q3",3,2007,3,40.96,16.85,6.67
"DMA019","メディア市場19","2007 Q4",4,2007,4,41.312,16.85,6.04
"DMA019","メディア市場19","2008 Q1",5,2008,1,39.703,16.85,6.55
"DMA019","メディア市場19","2008 Q2",6,2008,2,39.872,16.85,6.56
"DMA019","メディア市場19","2008 Q3",7,2008,3,40.738,16.85,6.91
"DMA019","メディア市場19","2008 Q4",8,2008,4,38.532,16.85,6.51
"DMA019","メディア市場19","2009 Q1",9,2009,1,39.517,16.85,6.71
"DMA019","メディア市場19","2009 Q2",10,2009,2,40.734,16.85,7.1
"DMA019","メディア市場19","2009 Q3",11,2009,3,40.305,16.85,6.85
"DMA019","メディア市場19","2009 Q4",12,2009,4,38.837,16.85,6.78
"DMA019","メディア市場19","2010 Q1",13,2010,1,38.443,16.85,7.29
"DMA019","メディア市場19","2010 Q2",14,2010,2,38.028,16.85,6.94
"DMA019","メディア市場19","2010 Q3",15,2010,3,38.738,16.85,7.19
"DMA019","メディア市場19","2010 Q4",16,2010,4,37.863,16.85,7.17
"DMA019","メディア市場19","2011 Q1",17,2011,1,37.297,16.85,7.44
"DMA019","メディア市場19","2011 Q2",18,2011,2,37.798,16.85,7.17
"DMA019","メディア市場19","2011 Q3",19,2011,3,36.17,16.85,7.37
"DMA019","メディア市場19","2011 Q4",20,2011,4,35.078,16.85,7.38
"DMA020","メディア市場20","2007 Q1",1,2007,1,41.521,13.13,6.17
"DMA020","メディア市場20","2007 Q2",2,2007,2,41.048,13.13,5.58
"DMA020","メディア市場20","2007 Q3",3,2007,3,42.366,13.13,6.34
"DMA020","メディア市場20","2007 Q4",4,2007,4,42.798,13.13,5.99
"DMA020","メディア市場20","2008 Q1",5,2008,1,41.213,13.13,5.51
"DMA020","メディア市場20","2008 Q2",6,2008,2,42.274,13.13,5.86
"DMA020","メディア市場20","2008 Q3",7,2008,3,40.539,13.13,5.89
"DMA020","メディア市場20","2008 Q4",8,2008,4,41.213,13.13,6.1
"DMA020","メディア市場20","2009 Q1",9,2009,1,40.968,13.13,6.32
"DMA020","メディア市場20","2009 Q2",10,2009,2,41.251,13.13,5.96
"DMA020","メディア市場20","2009 Q3",11,2009,3,38.184,13.13,6.28
"DMA020","メディア市場20","2009 Q4",12,2009,4,40.582,13.13,6.62
"DMA020","メディア市場20","2010 Q1",13,2010,1,40.225,13.13,6.48
"DMA020","メディア市場20","2010 Q2",14,2010,2,38.192,13.13,6.38
"DMA020","メディア市場20","2010 Q3",15,2010,3,39.242,13.13,6.35
"DMA020","メディア市場20","2010 Q4",16,2010,4,39.759,13.13,6.68
"DMA020","メディア市場20","2011 Q1",17,2011,1,38.559,13.13,6.95
"DMA020","メディア市場20","2011 Q2",18,2011,2,38.88,13.13,7.05
"DMA020","メディア市場20","2011 Q3",19,2011,3,38.426,13.13,6.85
"DMA020","メディア市場20","2011 Q4",20,2011,4,39.364,13.13,6.52
"DMA021","メディア市場21","2007 Q1",1,2007,1,47.453,17.24,6.38
"DMA021","メディア市場21","2007 Q2",2,2007,2,48.374,17.24,5.96
"DMA021","メディア市場21","2007 Q3",3,2007,3,46.209,17.24,6.13
"DMA021","メディア市場21","2007 Q4",4,2007,4,47.463,17.24,6.73
"DMA021","メディア市場21","2008 Q1",5,2008,1,46.321,17.24,6.17
"DMA021","メディア市場21","2008 Q2",6,2008,2,45.615,17.24,6.35
"DMA021","メディア市場21","2008 Q3",7,2008,3,45.356,17.24,6.48
"DMA021","メディア市場21","2008 Q4",8,2008,4,46.515,17.24,7.27
"DMA021","メディア市場21","2009 Q1",9,2009,1,45.403,17.24,5.81
"DMA021","メディア市場21","2009 Q2",10,2009,2,46.456,17.24,6.84
"DMA021","メディア市場21","2009 Q3",11,2009,3,45.43,17.24,7.1
"DMA021","メディア市場21","2009 Q4",12,2009,4,44.15,17.24,7.2
"DMA021","メディア市場21","2010 Q1",13,2010,1,46.745,17.24,6.94
"DMA021","メディア市場21","2010 Q2",14,2010,2,43.837,17.24,7.38
"DMA021","メディア市場21","2010 Q3",15,2010,3,45.614,17.24,7.85
"DMA021","メディア市場21","2010 Q4",16,2010,4,44.053,17.24,6.76
"DMA021","メディア市場21","2011 Q1",17,2011,1,45.694,17.24,6.6
"DMA021","メディア市場21","2011 Q2",18,2011,2,44.478,17.24,7.06
"DMA021","メディア市場21","2011 Q3",19,2011,3,42.909,17.24,7.95
"DMA021","メディア市場21","2011 Q4",20,2011,4,42.982,17.24,7.24
"DMA022","メディア市場22","2007 Q1",1,2007,1,45.727,12.05,5.74
"DMA022","メディア市場22","2007 Q2",2,2007,2,45.239,12.05,5.62
"DMA022","メディア市場22","2007 Q3",3,2007,3,43.748,12.05,5.5
"DMA022","メディア市場22","2007 Q4",4,2007,4,43.952,12.05,6.3
"DMA022","メディア市場22","2008 Q1",5,2008,1,43.01,12.05,6.42
"DMA022","メディア市場22","2008 Q2",6,2008,2,44.654,12.05,6.14
"DMA022","メディア市場22","2008 Q3",7,2008,3,42.779,12.05,5.99
"DMA022","メディア市場22","2008 Q4",8,2008,4,41.157,12.05,6.41
"DMA022","メディア市場22","2009 Q1",9,2009,1,43.675,12.05,6.3
"DMA022","メディア市場22","2009 Q2",10,2009,2,43.105,12.05,6.66
"DMA022","メディア市場22","2009 Q3",11,2009,3,43.139,12.05,6.83
"DMA022","メディア市場22","2009 Q4",12,2009,4,41.465,12.05,6.35
"DMA022","メディア市場22","2010 Q1",13,2010,1,42.653,12.05,6.26
"DMA022","メディア市場22","2010 Q2",14,2010,2,42.403,12.05,7.54
"DMA022","メディア市場22","2010 Q3",15,2010,3,42.146,12.05,6.75
"DMA022","メディア市場22","2010 Q4",16,2010,4,41.808,12.05,6.98
"DMA022","メディア市場22","2011 Q1",17,2011,1,43.217,12.05,6.32
"DMA022","メディア市場22","2011 Q2",18,2011,2,42.615,12.05,7.17
"DMA022","メディア市場22","2011 Q3",19,2011,3,41.668,12.05,6.95
"DMA022","メディア市場22","2011 Q4",20,2011,4,42.84,12.05,7.59
"DMA023","メディア市場23","2007 Q1",1,2007,1,43.834,14.78,5.96
"DMA023","メディア市場23","2007 Q2",2,2007,2,41.853,14.78,7.04
"DMA023","メディア市場23","2007 Q3",3,2007,3,43.213,14.78,6.8
"DMA023","メディア市場23","2007 Q4",4,2007,4,43.003,14.78,5.87
"DMA023","メディア市場23","2008 Q1",5,2008,1,43.112,14.78,5.99
"DMA023","メディア市場23","2008 Q2",6,2008,2,42.359,14.78,6.14
"DMA023","メディア市場23","2008 Q3",7,2008,3,40.925,14.78,6.63
"DMA023","メディア市場23","2008 Q4",8,2008,4,42.103,14.78,6.38
"DMA023","メディア市場23","2009 Q1",9,2009,1,43.6,14.78,6.67
"DMA023","メディア市場23","2009 Q2",10,2009,2,40.655,14.78,6.37
"DMA023","メディア市場23","2009 Q3",11,2009,3,40.25,14.78,6.64
"DMA023","メディア市場23","2009 Q4",12,2009,4,41.529,14.78,6.8
"DMA023","メディア市場23","2010 Q1",13,2010,1,41.414,14.78,6.58
"DMA023","メディア市場23","2010 Q2",14,2010,2,40.739,14.78,7.14
"DMA023","メディア市場23","2010 Q3",15,2010,3,41.834,14.78,7.09
"DMA023","メディア市場23","2010 Q4",16,2010,4,42.253,14.78,7.15
"DMA023","メディア市場23","2011 Q1",17,2011,1,39.733,14.78,7.19
"DMA023","メディア市場23","2011 Q2",18,2011,2,40.22,14.78,7.6
"DMA023","メディア市場23","2011 Q3",19,2011,3,38.318,14.78,7.21
"DMA023","メディア市場23","2011 Q4",20,2011,4,37.328,14.78,8.19
"DMA024","メディア市場24","2007 Q1",1,2007,1,41.458,6.95,5.88
"DMA024","メディア市場24","2007 Q2",2,2007,2,42.256,6.95,5.41
"DMA024","メディア市場24","2007 Q3",3,2007,3,40.213,6.95,6.33
"DMA024","メディア市場24","2007 Q4",4,2007,4,41.624,6.95,5.81
"DMA024","メディア市場24","2008 Q1",5,2008,1,40.51,6.95,6.22
"DMA024","メディア市場24","2008 Q2",6,2008,2,40.757,6.95,6.36
"DMA024","メディア市場24","2008 Q3",7,2008,3,40.657,6.95,5.79
"DMA024","メディア市場24","2008 Q4",8,2008,4,39.633,6.95,6.03
"DMA024","メディア市場24","2009 Q1",9,2009,1,40.273,6.95,7.02
"DMA024","メディア市場24","2009 Q2",10,2009,2,37.849,6.95,5.81
"DMA024","メディア市場24","2009 Q3",11,2009,3,38.788,6.95,6.44
"DMA024","メディア市場24","2009 Q4",12,2009,4,39.625,6.95,6.46
"DMA024","メディア市場24","2010 Q1",13,2010,1,41.011,6.95,6.67
"DMA024","メディア市場24","2010 Q2",14,2010,2,39.587,6.95,6.73
"DMA024","メディア市場24","2010 Q3",15,2010,3,39.569,6.95,6.74
"DMA024","メディア市場24","2010 Q4",16,2010,4,42.18,6.95,6.1
"DMA024","メディア市場24","2011 Q1",17,2011,1,38.555,6.95,6.46
"DMA024","メディア市場24","2011 Q2",18,2011,2,38.335,6.95,5.98
"DMA024","メディア市場24","2011 Q3",19,2011,3,40.543,6.95,6.7
"DMA024","メディア市場24","2011 Q4",20,2011,4,39.294,6.95,7.1
"DMA025","メディア市場25","2007 Q1",1,2007,1,41.069,9.27,6.08
"DMA025","メディア市場25","2007 Q2",2,2007,2,38.479,9.27,6.09
"DMA025","メディア市場25","2007 Q3",3,2007,3,40.182,9.27,5.94
"DMA025","メディア市場25","2007 Q4",4,2007,4,40.473,9.27,6.08
"DMA025","メディア市場25","2008 Q1",5,2008,1,38.949,9.27,6.21
"DMA025","メディア市場25","2008 Q2",6,2008,2,38.956,9.27,6.47
"DMA025","メディア市場25","2008 Q3",7,2008,3,38.176,9.27,6.4
"DMA025","メディア市場25","2008 Q4",8,2008,4,40.618,9.27,5.77
"DMA025","メディア市場25","2009 Q1",9,2009,1,40.819,9.27,6.09
"DMA025","メディア市場25","2009 Q2",10,2009,2,38.744,9.27,6.08
"DMA025","メディア市場25","2009 Q3",11,2009,3,39.326,9.27,6.2
"DMA025","メディア市場25","2009 Q4",12,2009,4,38.396,9.27,6.51
"DMA025","メディア市場25","2010 Q1",13,2010,1,36.968,9.27,6.43
"DMA025","メディア市場25","2010 Q2",14,2010,2,37.54,9.27,5.88
"DMA025","メディア市場25","2010 Q3",15,2010,3,39.148,9.27,7.79
"DMA025","メディア市場25","2010 Q4",16,2010,4,37.76,9.27,7.42
"DMA025","メディア市場25","2011 Q1",17,2011,1,37.337,9.27,6.9
"DMA025","メディア市場25","2011 Q2",18,2011,2,37.118,9.27,6.68
"DMA025","メディア市場25","2011 Q3",19,2011,3,36.823,9.27,7.05
"DMA025","メディア市場25","2011 Q4",20,2011,4,38.707,9.27,7.3
"DMA026","メディア市場26","2007 Q1",1,2007,1,44.333,13.63,6.09
"DMA026","メディア市場26","2007 Q2",2,2007,2,43.041,13.63,5.9
"DMA026","メディア市場26","2007 Q3",3,2007,3,42.642,13.63,5.98
"DMA026","メディア市場26","2007 Q4",4,2007,4,44.038,13.63,6.78
"DMA026","メディア市場26","2008 Q1",5,2008,1,43.269,13.63,6.98
"DMA026","メディア市場26","2008 Q2",6,2008,2,41.892,13.63,6.24
"DMA026","メディア市場26","2008 Q3",7,2008,3,42.17,13.63,6.8
"DMA026","メディア市場26","2008 Q4",8,2008,4,42.45,13.63,6.8
"DMA026","メディア市場26","2009 Q1",9,2009,1,42.278,13.63,6.64
"DMA026","メディア市場26","2009 Q2",10,2009,2,41.891,13.63,6.24
"DMA026","メディア市場26","2009 Q3",11,2009,3,42.65,13.63,7.15
"DMA026","メディア市場26","2009 Q4",12,2009,4,41.139,13.63,7.17
"DMA026","メディア市場26","2010 Q1",13,2010,1,41.254,13.63,6.76
"DMA026","メディア市場26","2010 Q2",14,2010,2,40.506,13.63,7.04
"DMA026","メディア市場26","2010 Q3",15,2010,3,39.961,13.63,6.5
"DMA026","メディア市場26","2010 Q4",16,2010,4,41.21,13.63,6.64
"DMA026","メディア市場26","2011 Q1",17,2011,1,40.097,13.63,7.37
"DMA026","メディア市場26","2011 Q2",18,2011,2,40.267,13.63,6.81
"DMA026","メディア市場26","2011 Q3",19,2011,3,39.577,13.63,7
"DMA026","メディア市場26","2011 Q4",20,2011,4,39.414,13.63,6.96
"DMA027","メディア市場27","2007 Q1",1,2007,1,39.558,7.4,5.52
"DMA027","メディア市場27","2007 Q2",2,2007,2,39.327,7.4,5.93
"DMA027","メディア市場27","2007 Q3",3,2007,3,38.388,7.4,5.49
"DMA027","メディア市場27","2007 Q4",4,2007,4,39.333,7.4,6.05
"DMA027","メディア市場27","2008 Q1",5,2008,1,40.003,7.4,5.85
"DMA027","メディア市場27","2008 Q2",6,2008,2,39.763,7.4,6.04
"DMA027","メディア市場27","2008 Q3",7,2008,3,37.617,7.4,5.73
"DMA027","メディア市場27","2008 Q4",8,2008,4,38.18,7.4,6.11
"DMA027","メディア市場27","2009 Q1",9,2009,1,37.805,7.4,7.02
"DMA027","メディア市場27","2009 Q2",10,2009,2,37.377,7.4,6.62
"DMA027","メディア市場27","2009 Q3",11,2009,3,36.619,7.4,6.35
"DMA027","メディア市場27","2009 Q4",12,2009,4,39.066,7.4,6.77
"DMA027","メディア市場27","2010 Q1",13,2010,1,38.343,7.4,6.26
"DMA027","メディア市場27","2010 Q2",14,2010,2,39.517,7.4,6.23
"DMA027","メディア市場27","2010 Q3",15,2010,3,37.999,7.4,6.82
"DMA027","メディア市場27","2010 Q4",16,2010,4,39.447,7.4,6.71
"DMA027","メディア市場27","2011 Q1",17,2011,1,38.098,7.4,6.42
"DMA027","メディア市場27","2011 Q2",18,2011,2,38.926,7.4,6.55
"DMA027","メディア市場27","2011 Q3",19,2011,3,37.789,7.4,7.71
"DMA027","メディア市場27","2011 Q4",20,2011,4,40.234,7.4,7.45
"DMA028","メディア市場28","2007 Q1",1,2007,1,44.53,20.16,6.28
"DMA028","メディア市場28","2007 Q2",2,2007,2,45.964,20.16,6.62
"DMA028","メディア市場28","2007 Q3",3,2007,3,44.338,20.16,6.35
"DMA028","メディア市場28","2007 Q4",4,2007,4,42.584,20.16,6.63
"DMA028","メディア市場28","2008 Q1",5,2008,1,42.711,20.16,5.93
"DMA028","メディア市場28","2008 Q2",6,2008,2,41.023,20.16,6.7
"DMA028","メディア市場28","2008 Q3",7,2008,3,42.243,20.16,7.03
"DMA028","メディア市場28","2008 Q4",8,2008,4,42.296,20.16,6.73
"DMA028","メディア市場28","2009 Q1",9,2009,1,43.273,20.16,6.74
"DMA028","メディア市場28","2009 Q2",10,2009,2,43.175,20.16,6.77
"DMA028","メディア市場28","2009 Q3",11,2009,3,42.872,20.16,7.12
"DMA028","メディア市場28","2009 Q4",12,2009,4,41.155,20.16,6.74
"DMA028","メディア市場28","2010 Q1",13,2010,1,40.506,20.16,6.25
"DMA028","メディア市場28","2010 Q2",14,2010,2,39.515,20.16,6.3
"DMA028","メディア市場28","2010 Q3",15,2010,3,40.27,20.16,7.07
"DMA028","メディア市場28","2010 Q4",16,2010,4,39.58,20.16,7.72
"DMA028","メディア市場28","2011 Q1",17,2011,1,39.819,20.16,6.82
"DMA028","メディア市場28","2011 Q2",18,2011,2,38.999,20.16,7.1
"DMA028","メディア市場28","2011 Q3",19,2011,3,39.882,20.16,7.19
"DMA028","メディア市場28","2011 Q4",20,2011,4,38.235,20.16,7.3
"DMA029","メディア市場29","2007 Q1",1,2007,1,39.817,5.91,5.55
"DMA029","メディア市場29","2007 Q2",2,2007,2,38.319,5.91,5.69
"DMA029","メディア市場29","2007 Q3",3,2007,3,39.286,5.91,5.74
"DMA029","メディア市場29","2007 Q4",4,2007,4,38.562,5.91,5.63
"DMA029","メディア市場29","2008 Q1",5,2008,1,38.743,5.91,6.02
"DMA029","メディア市場29","2008 Q2",6,2008,2,37.827,5.91,6.2
"DMA029","メディア市場29","2008 Q3",7,2008,3,36.171,5.91,6
"DMA029","メディア市場29","2008 Q4",8,2008,4,38.76,5.91,6.19
"DMA029","メディア市場29","2009 Q1",9,2009,1,37.935,5.91,6.31
"DMA029","メディア市場29","2009 Q2",10,2009,2,39.005,5.91,5.67
"DMA029","メディア市場29","2009 Q3",11,2009,3,38.239,5.91,6.82
"DMA029","メディア市場29","2009 Q4",12,2009,4,38.851,5.91,6.8
"DMA029","メディア市場29","2010 Q1",13,2010,1,36.318,5.91,6.46
"DMA029","メディア市場29","2010 Q2",14,2010,2,38.702,5.91,6.18
"DMA029","メディア市場29","2010 Q3",15,2010,3,38.319,5.91,6.9
"DMA029","メディア市場29","2010 Q4",16,2010,4,39.221,5.91,6.35
"DMA029","メディア市場29","2011 Q1",17,2011,1,37.852,5.91,6.29
"DMA029","メディア市場29","2011 Q2",18,2011,2,38.232,5.91,6.28
"DMA029","メディア市場29","2011 Q3",19,2011,3,37.458,5.91,6.79
"DMA029","メディア市場29","2011 Q4",20,2011,4,37.923,5.91,6.45
"DMA030","メディア市場30","2007 Q1",1,2007,1,34.035,7.62,5.69
"DMA030","メディア市場30","2007 Q2",2,2007,2,33.644,7.62,5.36
"DMA030","メディア市場30","2007 Q3",3,2007,3,35.05,7.62,5.63
"DMA030","メディア市場30","2007 Q4",4,2007,4,33.428,7.62,6.78
"DMA030","メディア市場30","2008 Q1",5,2008,1,36.467,7.62,6.22
"DMA030","メディア市場30","2008 Q2",6,2008,2,34.483,7.62,6.27
"DMA030","メディア市場30","2008 Q3",7,2008,3,32.598,7.62,6.41
"DMA030","メディア市場30","2008 Q4",8,2008,4,34.573,7.62,5.83
"DMA030","メディア市場30","2009 Q1",9,2009,1,34.61,7.62,5.97
"DMA030","メディア市場30","2009 Q2",10,2009,2,35.119,7.62,6.54
"DMA030","メディア市場30","2009 Q3",11,2009,3,34.3,7.62,5.96
"DMA030","メディア市場30","2009 Q4",12,2009,4,35.061,7.62,6.6
"DMA030","メディア市場30","2010 Q1",13,2010,1,33.508,7.62,6.41
"DMA030","メディア市場30","2010 Q2",14,2010,2,33.799,7.62,6.86
"DMA030","メディア市場30","2010 Q3",15,2010,3,33.07,7.62,6.26
"DMA030","メディア市場30","2010 Q4",16,2010,4,34.344,7.62,7.34
"DMA030","メディア市場30","2011 Q1",17,2011,1,33.769,7.62,6.9
"DMA030","メディア市場30","2011 Q2",18,2011,2,32.991,7.62,6.67
"DMA030","メディア市場30","2011 Q3",19,2011,3,33.311,7.62,7
"DMA030","メディア市場30","2011 Q4",20,2011,4,31.997,7.62,6.52
"DMA031","メディア市場31","2007 Q1",1,2007,1,44.319,14.09,5.44
"DMA031","メディア市場31","2007 Q2",2,2007,2,42.654,14.09,6.4
"DMA031","メディア市場31","2007 Q3",3,2007,3,42.707,14.09,6.07
"DMA031","メディア市場31","2007 Q4",4,2007,4,42.996,14.09,6.43
"DMA031","メディア市場31","2008 Q1",5,2008,1,43.412,14.09,6.14
"DMA031","メディア市場31","2008 Q2",6,2008,2,40.997,14.09,6.46
"DMA031","メディア市場31","2008 Q3",7,2008,3,41.904,14.09,6.13
"DMA031","メディア市場31","2008 Q4",8,2008,4,42.711,14.09,6.32
"DMA031","メディア市場31","2009 Q1",9,2009,1,41.887,14.09,6.81
"DMA031","メディア市場31","2009 Q2",10,2009,2,39.959,14.09,7.06
"DMA031","メディア市場31","2009 Q3",11,2009,3,41.412,14.09,7.18
"DMA031","メディア市場31","2009 Q4",12,2009,4,41.165,14.09,7
"DMA031","メディア市場31","2010 Q1",13,2010,1,40.522,14.09,6.9
"DMA031","メディア市場31","2010 Q2",14,2010,2,41.226,14.09,7.27
"DMA031","メディア市場31","2010 Q3",15,2010,3,40.051,14.09,6.84
"DMA031","メディア市場31","2010 Q4",16,2010,4,38.763,14.09,6.83
"DMA031","メディア市場31","2011 Q1",17,2011,1,40.897,14.09,7.13
"DMA031","メディア市場31","2011 Q2",18,2011,2,39.104,14.09,7.26
"DMA031","メディア市場31","2011 Q3",19,2011,3,40.097,14.09,7.2
"DMA031","メディア市場31","2011 Q4",20,2011,4,39.182,14.09,7.2
"DMA032","メディア市場32","2007 Q1",1,2007,1,38.969,5.93,5.76
"DMA032","メディア市場32","2007 Q2",2,2007,2,37.25,5.93,5.83
"DMA032","メディア市場32","2007 Q3",3,2007,3,38.216,5.93,6.51
"DMA032","メディア市場32","2007 Q4",4,2007,4,39.628,5.93,6.3
"DMA032","メディア市場32","2008 Q1",5,2008,1,36.534,5.93,6.03
"DMA032","メディア市場32","2008 Q2",6,2008,2,35.735,5.93,5.95
"DMA032","メディア市場32","2008 Q3",7,2008,3,35.59,5.93,5.66
"DMA032","メディア市場32","2008 Q4",8,2008,4,37.453,5.93,5.96
"DMA032","メディア市場32","2009 Q1",9,2009,1,37.278,5.93,5.48
"DMA032","メディア市場32","2009 Q2",10,2009,2,36.251,5.93,6.03
"DMA032","メディア市場32","2009 Q3",11,2009,3,36.236,5.93,5.77
"DMA032","メディア市場32","2009 Q4",12,2009,4,37.628,5.93,6.4
"DMA032","メディア市場32","2010 Q1",13,2010,1,38.14,5.93,6.54
"DMA032","メディア市場32","2010 Q2",14,2010,2,37.864,5.93,6.54
"DMA032","メディア市場32","2010 Q3",15,2010,3,37.199,5.93,6.97
"DMA032","メディア市場32","2010 Q4",16,2010,4,38.958,5.93,6.79
"DMA032","メディア市場32","2011 Q1",17,2011,1,37.522,5.93,6.9
"DMA032","メディア市場32","2011 Q2",18,2011,2,37.541,5.93,5.73
"DMA032","メディア市場32","2011 Q3",19,2011,3,36.005,5.93,7.4
"DMA032","メディア市場32","2011 Q4",20,2011,4,35.727,5.93,7.16
"DMA033","メディア市場33","2007 Q1",1,2007,1,37.391,8.28,5.85
"DMA033","メディア市場33","2007 Q2",2,2007,2,37.686,8.28,5.78
"DMA033","メディア市場33","2007 Q3",3,2007,3,36.793,8.28,6
"DMA033","メディア市場33","2007 Q4",4,2007,4,37.515,8.28,5.67
"DMA033","メディア市場33","2008 Q1",5,2008,1,36.152,8.28,5.69
"DMA033","メディア市場33","2008 Q2",6,2008,2,35.889,8.28,5.83
"DMA033","メディア市場33","2008 Q3",7,2008,3,34.987,8.28,6.6
"DMA033","メディア市場33","2008 Q4",8,2008,4,36.578,8.28,6.26
"DMA033","メディア市場33","2009 Q1",9,2009,1,37.322,8.28,6.73
"DMA033","メディア市場33","2009 Q2",10,2009,2,36.628,8.28,6.98
"DMA033","メディア市場33","2009 Q3",11,2009,3,34.595,8.28,6.65
"DMA033","メディア市場33","2009 Q4",12,2009,4,35.777,8.28,6.4
"DMA033","メディア市場33","2010 Q1",13,2010,1,34.151,8.28,6.69
"DMA033","メディア市場33","2010 Q2",14,2010,2,34.917,8.28,6.51
"DMA033","メディア市場33","2010 Q3",15,2010,3,33.38,8.28,6.36
"DMA033","メディア市場33","2010 Q4",16,2010,4,34.578,8.28,6.02
"DMA033","メディア市場33","2011 Q1",17,2011,1,36.688,8.28,6.53
"DMA033","メディア市場33","2011 Q2",18,2011,2,34.584,8.28,6.22
"DMA033","メディア市場33","2011 Q3",19,2011,3,33.694,8.28,7.41
"DMA033","メディア市場33","2011 Q4",20,2011,4,36.257,8.28,7.76
"DMA034","メディア市場34","2007 Q1",1,2007,1,43.171,10.15,5.76
"DMA034","メディア市場34","2007 Q2",2,2007,2,44.812,10.15,5.51
"DMA034","メディア市場34","2007 Q3",3,2007,3,41.361,10.15,5.68
"DMA034","メディア市場34","2007 Q4",4,2007,4,42.984,10.15,5.98
"DMA034","メディア市場34","2008 Q1",5,2008,1,42.509,10.15,6.65
"DMA034","メディア市場34","2008 Q2",6,2008,2,41.982,10.15,6.15
"DMA034","メディア市場34","2008 Q3",7,2008,3,40.414,10.15,6.04
"DMA034","メディア市場34","2008 Q4",8,2008,4,42.67,10.15,6.18
"DMA034","メディア市場34","2009 Q1",9,2009,1,42.229,10.15,5.88
"DMA034","メディア市場34","2009 Q2",10,2009,2,42.357,10.15,5.96
"DMA034","メディア市場34","2009 Q3",11,2009,3,40.874,10.15,6.13
"DMA034","メディア市場34","2009 Q4",12,2009,4,41.534,10.15,6.5
"DMA034","メディア市場34","2010 Q1",13,2010,1,42.692,10.15,6.52
"DMA034","メディア市場34","2010 Q2",14,2010,2,40.21,10.15,6.38
"DMA034","メディア市場34","2010 Q3",15,2010,3,40.988,10.15,6.75
"DMA034","メディア市場34","2010 Q4",16,2010,4,42.004,10.15,6.91
"DMA034","メディア市場34","2011 Q1",17,2011,1,42.864,10.15,6.69
"DMA034","メディア市場34","2011 Q2",18,2011,2,39.329,10.15,6.69
"DMA034","メディア市場34","2011 Q3",19,2011,3,40.48,10.15,7.38
"DMA034","メディア市場34","2011 Q4",20,2011,4,39.934,10.15,7.3
"DMA035","メディア市場35","2007 Q1",1,2007,1,43.179,9.44,5.45
"DMA035","メディア市場35","2007 Q2",2,2007,2,41.659,9.44,6.15
"DMA035","メディア市場35","2007 Q3",3,2007,3,41.881,9.44,5.5
"DMA035","メディア市場35","2007 Q4",4,2007,4,42.141,9.44,5.8
"DMA035","メディア市場35","2008 Q1",5,2008,1,42.947,9.44,6.24
"DMA035","メディア市場35","2008 Q2",6,2008,2,41.221,9.44,5.89
"DMA035","メディア市場35","2008 Q3",7,2008,3,41.93,9.44,5.6
"DMA035","メディア市場35","2008 Q4",8,2008,4,41.425,9.44,5.99
"DMA035","メディア市場35","2009 Q1",9,2009,1,41.105,9.44,6.87
"DMA035","メディア市場35","2009 Q2",10,2009,2,41.275,9.44,6.06
"DMA035","メディア市場35","2009 Q3",11,2009,3,41.227,9.44,6.29
"DMA035","メディア市場35","2009 Q4",12,2009,4,42.126,9.44,6.46
"DMA035","メディア市場35","2010 Q1",13,2010,1,42.027,9.44,6.22
"DMA035","メディア市場35","2010 Q2",14,2010,2,40.068,9.44,6.21
"DMA035","メディア市場35","2010 Q3",15,2010,3,39.33,9.44,6.42
"DMA035","メディア市場35","2010 Q4",16,2010,4,41.495,9.44,6.79
"DMA035","メディア市場35","2011 Q1",17,2011,1,39.502,9.44,5.97
"DMA035","メディア市場35","2011 Q2",18,2011,2,39.571,9.44,6.5
"DMA035","メディア市場35","2011 Q3",19,2011,3,40.308,9.44,7.15
"DMA035","メディア市場35","2011 Q4",20,2011,4,40.588,9.44,6.79
"DMA036","メディア市場36","2007 Q1",1,2007,1,45.174,18.61,5.63
"DMA036","メディア市場36","2007 Q2",2,2007,2,44.599,18.61,6.52
"DMA036","メディア市場36","2007 Q3",3,2007,3,45.368,18.61,6.45
"DMA036","メディア市場36","2007 Q4",4,2007,4,45.069,18.61,6.28
"DMA036","メディア市場36","2008 Q1",5,2008,1,44.371,18.61,6.38
"DMA036","メディア市場36","2008 Q2",6,2008,2,43.132,18.61,6.78
"DMA036","メディア市場36","2008 Q3",7,2008,3,43.499,18.61,6.03
"DMA036","メディア市場36","2008 Q4",8,2008,4,42.774,18.61,6.18
"DMA036","メディア市場36","2009 Q1",9,2009,1,43.701,18.61,7.24
"DMA036","メディア市場36","2009 Q2",10,2009,2,43.074,18.61,6.91
"DMA036","メディア市場36","2009 Q3",11,2009,3,42.661,18.61,6.67
"DMA036","メディア市場36","2009 Q4",12,2009,4,42.787,18.61,7.13
"DMA036","メディア市場36","2010 Q1",13,2010,1,41.316,18.61,6.63
"DMA036","メディア市場36","2010 Q2",14,2010,2,39.577,18.61,6.84
"DMA036","メディア市場36","2010 Q3",15,2010,3,40.128,18.61,7.41
"DMA036","メディア市場36","2010 Q4",16,2010,4,41.966,18.61,7.25
"DMA036","メディア市場36","2011 Q1",17,2011,1,42.635,18.61,7.24
"DMA036","メディア市場36","2011 Q2",18,2011,2,41.184,18.61,6.99
"DMA036","メディア市場36","2011 Q3",19,2011,3,40.397,18.61,7.16
"DMA036","メディア市場36","2011 Q4",20,2011,4,39.697,18.61,7.35
"DMA037","メディア市場37","2007 Q1",1,2007,1,45.359,15.41,6.09
"DMA037","メディア市場37","2007 Q2",2,2007,2,45.157,15.41,6.07
"DMA037","メディア市場37","2007 Q3",3,2007,3,45.339,15.41,6.43
"DMA037","メディア市場37","2007 Q4",4,2007,4,43.975,15.41,6.29
"DMA037","メディア市場37","2008 Q1",5,2008,1,44.658,15.41,6.19
"DMA037","メディア市場37","2008 Q2",6,2008,2,42.638,15.41,6.42
"DMA037","メディア市場37","2008 Q3",7,2008,3,44.612,15.41,6.52
"DMA037","メディア市場37","2008 Q4",8,2008,4,44.525,15.41,7.06
"DMA037","メディア市場37","2009 Q1",9,2009,1,43.945,15.41,6.26
"DMA037","メディア市場37","2009 Q2",10,2009,2,43.022,15.41,6.71
"DMA037","メディア市場37","2009 Q3",11,2009,3,43.38,15.41,7.19
"DMA037","メディア市場37","2009 Q4",12,2009,4,42.956,15.41,7.47
"DMA037","メディア市場37","2010 Q1",13,2010,1,43.489,15.41,6.7
"DMA037","メディア市場37","2010 Q2",14,2010,2,42.476,15.41,7.08
"DMA037","メディア市場37","2010 Q3",15,2010,3,41.797,15.41,6.63
"DMA037","メディア市場37","2010 Q4",16,2010,4,42.687,15.41,7.56
"DMA037","メディア市場37","2011 Q1",17,2011,1,42.543,15.41,6.94
"DMA037","メディア市場37","2011 Q2",18,2011,2,40.544,15.41,7.34
"DMA037","メディア市場37","2011 Q3",19,2011,3,41.797,15.41,6.98
"DMA037","メディア市場37","2011 Q4",20,2011,4,41.2,15.41,6.61
"DMA038","メディア市場38","2007 Q1",1,2007,1,46.58,16.33,6.11
"DMA038","メディア市場38","2007 Q2",2,2007,2,44.78,16.33,5.92
"DMA038","メディア市場38","2007 Q3",3,2007,3,45.834,16.33,6.4
"DMA038","メディア市場38","2007 Q4",4,2007,4,45.969,16.33,6.01
"DMA038","メディア市場38","2008 Q1",5,2008,1,45.184,16.33,6.55
"DMA038","メディア市場38","2008 Q2",6,2008,2,44.756,16.33,6.58
"DMA038","メディア市場38","2008 Q3",7,2008,3,44.845,16.33,6.39
"DMA038","メディア市場38","2008 Q4",8,2008,4,44.655,16.33,7.01
"DMA038","メディア市場38","2009 Q1",9,2009,1,44.999,16.33,6.65
"DMA038","メディア市場38","2009 Q2",10,2009,2,43.988,16.33,6.94
"DMA038","メディア市場38","2009 Q3",11,2009,3,43.051,16.33,7.11
"DMA038","メディア市場38","2009 Q4",12,2009,4,44.271,16.33,6.4
"DMA038","メディア市場38","2010 Q1",13,2010,1,43.736,16.33,6.61
"DMA038","メディア市場38","2010 Q2",14,2010,2,43.998,16.33,6.89
"DMA038","メディア市場38","2010 Q3",15,2010,3,44.488,16.33,7.51
"DMA038","メディア市場38","2010 Q4",16,2010,4,43.796,16.33,7.44
"DMA038","メディア市場38","2011 Q1",17,2011,1,42.831,16.33,7.38
"DMA038","メディア市場38","2011 Q2",18,2011,2,42.844,16.33,6.81
"DMA038","メディア市場38","2011 Q3",19,2011,3,40.023,16.33,7.05
"DMA038","メディア市場38","2011 Q4",20,2011,4,41.644,16.33,8.24
"DMA039","メディア市場39","2007 Q1",1,2007,1,39.246,5,6.57
"DMA039","メディア市場39","2007 Q2",2,2007,2,39.325,5,6.1
"DMA039","メディア市場39","2007 Q3",3,2007,3,38.953,5,6.02
"DMA039","メディア市場39","2007 Q4",4,2007,4,41.011,5,6.14
"DMA039","メディア市場39","2008 Q1",5,2008,1,38.882,5,5.32
"DMA039","メディア市場39","2008 Q2",6,2008,2,37.397,5,6.39
"DMA039","メディア市場39","2008 Q3",7,2008,3,38.189,5,5.61
"DMA039","メディア市場39","2008 Q4",8,2008,4,38.378,5,5.92
"DMA039","メディア市場39","2009 Q1",9,2009,1,40.417,5,6.5
"DMA039","メディア市場39","2009 Q2",10,2009,2,37.374,5,5.43
"DMA039","メディア市場39","2009 Q3",11,2009,3,37.962,5,6.03
"DMA039","メディア市場39","2009 Q4",12,2009,4,39.896,5,6.15
"DMA039","メディア市場39","2010 Q1",13,2010,1,39.563,5,6.22
"DMA039","メディア市場39","2010 Q2",14,2010,2,38.226,5,6.65
"DMA039","メディア市場39","2010 Q3",15,2010,3,39.229,5,6.49
"DMA039","メディア市場39","2010 Q4",16,2010,4,38.734,5,6.34
"DMA039","メディア市場39","2011 Q1",17,2011,1,39.348,5,7.14
"DMA039","メディア市場39","2011 Q2",18,2011,2,38.868,5,6.95
"DMA039","メディア市場39","2011 Q3",19,2011,3,38.607,5,6.88
"DMA039","メディア市場39","2011 Q4",20,2011,4,39.126,5,6.81
"DMA040","メディア市場40","2007 Q1",1,2007,1,37.885,4.56,5.32
"DMA040","メディア市場40","2007 Q2",2,2007,2,37.73,4.56,5.72
"DMA040","メディア市場40","2007 Q3",3,2007,3,37.589,4.56,5.5
"DMA040","メディア市場40","2007 Q4",4,2007,4,37.26,4.56,5.77
"DMA040","メディア市場40","2008 Q1",5,2008,1,39.499,4.56,6.14
"DMA040","メディア市場40","2008 Q2",6,2008,2,38.225,4.56,6.36
"DMA040","メディア市場40","2008 Q3",7,2008,3,37.536,4.56,6.32
"DMA040","メディア市場40","2008 Q4",8,2008,4,36.652,4.56,6.88
"DMA040","メディア市場40","2009 Q1",9,2009,1,37.091,4.56,6.18
"DMA040","メディア市場40","2009 Q2",10,2009,2,36.25,4.56,6
"DMA040","メディア市場40","2009 Q3",11,2009,3,36.363,4.56,6.32
"DMA040","メディア市場40","2009 Q4",12,2009,4,37.019,4.56,6.25
"DMA040","メディア市場40","2010 Q1",13,2010,1,37.044,4.56,6.09
"DMA040","メディア市場40","2010 Q2",14,2010,2,37.242,4.56,6.44
"DMA040","メディア市場40","2010 Q3",15,2010,3,36.984,4.56,6.33
"DMA040","メディア市場40","2010 Q4",16,2010,4,38.607,4.56,6.88
"DMA040","メディア市場40","2011 Q1",17,2011,1,37.626,4.56,6.48
"DMA040","メディア市場40","2011 Q2",18,2011,2,35.419,4.56,7.07
"DMA040","メディア市場40","2011 Q3",19,2011,3,37.925,4.56,6.09
"DMA040","メディア市場40","2011 Q4",20,2011,4,37.094,4.56,6.58
"DMA041","メディア市場41","2007 Q1",1,2007,1,41.06,10.61,5.3
"DMA041","メディア市場41","2007 Q2",2,2007,2,40.033,10.61,5.62
"DMA041","メディア市場41","2007 Q3",3,2007,3,37.413,10.61,6.52
"DMA041","メディア市場41","2007 Q4",4,2007,4,38.925,10.61,5.69
"DMA041","メディア市場41","2008 Q1",5,2008,1,37.31,10.61,6.23
"DMA041","メディア市場41","2008 Q2",6,2008,2,37.505,10.61,6.27
"DMA041","メディア市場41","2008 Q3",7,2008,3,36.988,10.61,5.99
"DMA041","メディア市場41","2008 Q4",8,2008,4,38.14,10.61,5.9
"DMA041","メディア市場41","2009 Q1",9,2009,1,37.088,10.61,6.53
"DMA041","メディア市場41","2009 Q2",10,2009,2,36.153,10.61,6.26
"DMA041","メディア市場41","2009 Q3",11,2009,3,36.33,10.61,6.26
"DMA041","メディア市場41","2009 Q4",12,2009,4,38.147,10.61,6.88
"DMA041","メディア市場41","2010 Q1",13,2010,1,37.254,10.61,6.2
"DMA041","メディア市場41","2010 Q2",14,2010,2,37.256,10.61,5.42
"DMA041","メディア市場41","2010 Q3",15,2010,3,35.433,10.61,5.99
"DMA041","メディア市場41","2010 Q4",16,2010,4,36.889,10.61,6.54
"DMA041","メディア市場41","2011 Q1",17,2011,1,36.599,10.61,6.18
"DMA041","メディア市場41","2011 Q2",18,2011,2,36.181,10.61,7.24
"DMA041","メディア市場41","2011 Q3",19,2011,3,35.824,10.61,6.97
"DMA041","メディア市場41","2011 Q4",20,2011,4,34.623,10.61,7.43
"DMA042","メディア市場42","2007 Q1",1,2007,1,46.743,15.03,5.85
"DMA042","メディア市場42","2007 Q2",2,2007,2,47.343,15.03,7.07
"DMA042","メディア市場42","2007 Q3",3,2007,3,44.175,15.03,6.65
"DMA042","メディア市場42","2007 Q4",4,2007,4,45.148,15.03,6.5
"DMA042","メディア市場42","2008 Q1",5,2008,1,43.765,15.03,6.19
"DMA042","メディア市場42","2008 Q2",6,2008,2,44.584,15.03,6.01
"DMA042","メディア市場42","2008 Q3",7,2008,3,44.918,15.03,6.23
"DMA042","メディア市場42","2008 Q4",8,2008,4,44.211,15.03,6.47
"DMA042","メディア市場42","2009 Q1",9,2009,1,44.176,15.03,6.91
"DMA042","メディア市場42","2009 Q2",10,2009,2,43.509,15.03,6.83
"DMA042","メディア市場42","2009 Q3",11,2009,3,44.189,15.03,6.54
"DMA042","メディア市場42","2009 Q4",12,2009,4,41.825,15.03,6.13
"DMA042","メディア市場42","2010 Q1",13,2010,1,43.083,15.03,6.97
"DMA042","メディア市場42","2010 Q2",14,2010,2,45.113,15.03,6.88
"DMA042","メディア市場42","2010 Q3",15,2010,3,42.412,15.03,6.96
"DMA042","メディア市場42","2010 Q4",16,2010,4,42.964,15.03,7.22
"DMA042","メディア市場42","2011 Q1",17,2011,1,41.93,15.03,7.29
"DMA042","メディア市場42","2011 Q2",18,2011,2,42.595,15.03,7.51
"DMA042","メディア市場42","2011 Q3",19,2011,3,42.431,15.03,7.06
"DMA042","メディア市場42","2011 Q4",20,2011,4,40.049,15.03,7.77
"DMA043","メディア市場43","2007 Q1",1,2007,1,43.507,9.76,6.27
"DMA043","メディア市場43","2007 Q2",2,2007,2,41.664,9.76,5.68
"DMA043","メディア市場43","2007 Q3",3,2007,3,42.829,9.76,5.71
"DMA043","メディア市場43","2007 Q4",4,2007,4,42.3,9.76,5.97
"DMA043","メディア市場43","2008 Q1",5,2008,1,42.198,9.76,6.43
"DMA043","メディア市場43","2008 Q2",6,2008,2,41.681,9.76,6.12
"DMA043","メディア市場43","2008 Q3",7,2008,3,40.922,9.76,6.11
"DMA043","メディア市場43","2008 Q4",8,2008,4,40.77,9.76,6.8
"DMA043","メディア市場43","2009 Q1",9,2009,1,42.247,9.76,6.74
"DMA043","メディア市場43","2009 Q2",10,2009,2,38.745,9.76,6.7
"DMA043","メディア市場43","2009 Q3",11,2009,3,40.278,9.76,6.03
"DMA043","メディア市場43","2009 Q4",12,2009,4,41.614,9.76,6.38
"DMA043","メディア市場43","2010 Q1",13,2010,1,40.993,9.76,6.99
"DMA043","メディア市場43","2010 Q2",14,2010,2,39.757,9.76,6.88
"DMA043","メディア市場43","2010 Q3",15,2010,3,42.884,9.76,6.85
"DMA043","メディア市場43","2010 Q4",16,2010,4,39.084,9.76,6.89
"DMA043","メディア市場43","2011 Q1",17,2011,1,41.141,9.76,7.22
"DMA043","メディア市場43","2011 Q2",18,2011,2,39.617,9.76,6.82
"DMA043","メディア市場43","2011 Q3",19,2011,3,40.098,9.76,6.81
"DMA043","メディア市場43","2011 Q4",20,2011,4,40.616,9.76,6.85
"DMA044","メディア市場44","2007 Q1",1,2007,1,46.989,15.34,6.43
"DMA044","メディア市場44","2007 Q2",2,2007,2,47.621,15.34,6.16
"DMA044","メディア市場44","2007 Q3",3,2007,3,45.705,15.34,6.12
"DMA044","メディア市場44","2007 Q4",4,2007,4,47.752,15.34,6.34
"DMA044","メディア市場44","2008 Q1",5,2008,1,47.264,15.34,6.56
"DMA044","メディア市場44","2008 Q2",6,2008,2,46.65,15.34,6.66
"DMA044","メディア市場44","2008 Q3",7,2008,3,44.877,15.34,6.95
"DMA044","メディア市場44","2008 Q4",8,2008,4,45.797,15.34,6.28
"DMA044","メディア市場44","2009 Q1",9,2009,1,46.897,15.34,6.17
"DMA044","メディア市場44","2009 Q2",10,2009,2,45.563,15.34,6.28
"DMA044","メディア市場44","2009 Q3",11,2009,3,44.009,15.34,7.15
"DMA044","メディア市場44","2009 Q4",12,2009,4,44.601,15.34,6.95
"DMA044","メディア市場44","2010 Q1",13,2010,1,45.689,15.34,6.75
"DMA044","メディア市場44","2010 Q2",14,2010,2,43.843,15.34,7.08
"DMA044","メディア市場44","2010 Q3",15,2010,3,44.134,15.34,7.41
"DMA044","メディア市場44","2010 Q4",16,2010,4,43.568,15.34,7.26
"DMA044","メディア市場44","2011 Q1",17,2011,1,44.906,15.34,7.16
"DMA044","メディア市場44","2011 Q2",18,2011,2,43.96,15.34,7.25
"DMA044","メディア市場44","2011 Q3",19,2011,3,42.496,15.34,7.79
"DMA044","メディア市場44","2011 Q4",20,2011,4,42.062,15.34,6.96
"DMA045","メディア市場45","2007 Q1",1,2007,1,39.723,6.55,5.33
"DMA045","メディア市場45","2007 Q2",2,2007,2,41.992,6.55,6.54
"DMA045","メディア市場45","2007 Q3",3,2007,3,40.186,6.55,5.97
"DMA045","メディア市場45","2007 Q4",4,2007,4,41.029,6.55,6.23
"DMA045","メディア市場45","2008 Q1",5,2008,1,40.498,6.55,6.15
"DMA045","メディア市場45","2008 Q2",6,2008,2,40.946,6.55,5.57
"DMA045","メディア市場45","2008 Q3",7,2008,3,40.319,6.55,5.72
"DMA045","メディア市場45","2008 Q4",8,2008,4,39.733,6.55,5.8
"DMA045","メディア市場45","2009 Q1",9,2009,1,39.603,6.55,5.9
"DMA045","メディア市場45","2009 Q2",10,2009,2,40.927,6.55,6.15
"DMA045","メディア市場45","2009 Q3",11,2009,3,38.725,6.55,6.06
"DMA045","メディア市場45","2009 Q4",12,2009,4,39.333,6.55,6.41
"DMA045","メディア市場45","2010 Q1",13,2010,1,39.974,6.55,6.06
"DMA045","メディア市場45","2010 Q2",14,2010,2,40.165,6.55,6.42
"DMA045","メディア市場45","2010 Q3",15,2010,3,39.368,6.55,5.75
"DMA045","メディア市場45","2010 Q4",16,2010,4,37.372,6.55,6.07
"DMA045","メディア市場45","2011 Q1",17,2011,1,39.489,6.55,6.72
"DMA045","メディア市場45","2011 Q2",18,2011,2,41.383,6.55,6.81
"DMA045","メディア市場45","2011 Q3",19,2011,3,39.159,6.55,7.06
"DMA045","メディア市場45","2011 Q4",20,2011,4,39.435,6.55,6.65
"DMA046","メディア市場46","2007 Q1",1,2007,1,42.627,11.63,5.79
"DMA046","メディア市場46","2007 Q2",2,2007,2,43.556,11.63,6.11
"DMA046","メディア市場46","2007 Q3",3,2007,3,42.623,11.63,6.2
"DMA046","メディア市場46","2007 Q4",4,2007,4,41.162,11.63,6.69
"DMA046","メディア市場46","2008 Q1",5,2008,1,44.335,11.63,5.67
"DMA046","メディア市場46","2008 Q2",6,2008,2,41.264,11.63,5.59
"DMA046","メディア市場46","2008 Q3",7,2008,3,42.176,11.63,6.28
"DMA046","メディア市場46","2008 Q4",8,2008,4,41.416,11.63,5.72
"DMA046","メディア市場46","2009 Q1",9,2009,1,40.513,11.63,5.91
"DMA046","メディア市場46","2009 Q2",10,2009,2,40.176,11.63,6.55
"DMA046","メディア市場46","2009 Q3",11,2009,3,41.882,11.63,6.17
"DMA046","メディア市場46","2009 Q4",12,2009,4,40.95,11.63,6.35
"DMA046","メディア市場46","2010 Q1",13,2010,1,41.269,11.63,6.84
"DMA046","メディア市場46","2010 Q2",14,2010,2,39.064,11.63,7.12
"DMA046","メディア市場46","2010 Q3",15,2010,3,40.738,11.63,6.17
"DMA046","メディア市場46","2010 Q4",16,2010,4,41.214,11.63,7.02
"DMA046","メディア市場46","2011 Q1",17,2011,1,41.5,11.63,6.55
"DMA046","メディア市場46","2011 Q2",18,2011,2,40.91,11.63,7.05
"DMA046","メディア市場46","2011 Q3",19,2011,3,39.925,11.63,6.48
"DMA046","メディア市場46","2011 Q4",20,2011,4,37.926,11.63,6.7
"DMA047","メディア市場47","2007 Q1",1,2007,1,39.071,6.19,5.44
"DMA047","メディア市場47","2007 Q2",2,2007,2,39.211,6.19,6.01
"DMA047","メディア市場47","2007 Q3",3,2007,3,38.415,6.19,5.82
"DMA047","メディア市場47","2007 Q4",4,2007,4,39.655,6.19,5.8
"DMA047","メディア市場47","2008 Q1",5,2008,1,38.652,6.19,6.72
"DMA047","メディア市場47","2008 Q2",6,2008,2,38.148,6.19,5.41
"DMA047","メディア市場47","2008 Q3",7,2008,3,37.584,6.19,6.21
"DMA047","メディア市場47","2008 Q4",8,2008,4,39.437,6.19,6.47
"DMA047","メディア市場47","2009 Q1",9,2009,1,38.921,6.19,6.68
"DMA047","メディア市場47","2009 Q2",10,2009,2,36.269,6.19,6.02
"DMA047","メディア市場47","2009 Q3",11,2009,3,39.062,6.19,6.3
"DMA047","メディア市場47","2009 Q4",12,2009,4,39.45,6.19,6.14
"DMA047","メディア市場47","2010 Q1",13,2010,1,40.135,6.19,6.5
"DMA047","メディア市場47","2010 Q2",14,2010,2,37.35,6.19,6.59
"DMA047","メディア市場47","2010 Q3",15,2010,3,37.709,6.19,6.38
"DMA047","メディア市場47","2010 Q4",16,2010,4,38.778,6.19,6.57
"DMA047","メディア市場47","2011 Q1",17,2011,1,37.588,6.19,6.53
"DMA047","メディア市場47","2011 Q2",18,2011,2,39.686,6.19,6.86
"DMA047","メディア市場47","2011 Q3",19,2011,3,38.295,6.19,7.48
"DMA047","メディア市場47","2011 Q4",20,2011,4,37.387,6.19,6.98
"DMA048","メディア市場48","2007 Q1",1,2007,1,37.454,4.56,5.7
"DMA048","メディア市場48","2007 Q2",2,2007,2,37.075,4.56,5.4
"DMA048","メディア市場48","2007 Q3",3,2007,3,37.031,4.56,5.95
"DMA048","メディア市場48","2007 Q4",4,2007,4,37.989,4.56,6.24
"DMA048","メディア市場48","2008 Q1",5,2008,1,37.046,4.56,6.27
"DMA048","メディア市場48","2008 Q2",6,2008,2,36.251,4.56,5.99
"DMA048","メディア市場48","2008 Q3",7,2008,3,36.315,4.56,6.2
"DMA048","メディア市場48","2008 Q4",8,2008,4,35.965,4.56,5.87
"DMA048","メディア市場48","2009 Q1",9,2009,1,36.315,4.56,5.99
"DMA048","メディア市場48","2009 Q2",10,2009,2,35.176,4.56,6.96
"DMA048","メディア市場48","2009 Q3",11,2009,3,36.121,4.56,5.8
"DMA048","メディア市場48","2009 Q4",12,2009,4,35.685,4.56,6.74
"DMA048","メディア市場48","2010 Q1",13,2010,1,37.116,4.56,5.98
"DMA048","メディア市場48","2010 Q2",14,2010,2,36.08,4.56,5.8
"DMA048","メディア市場48","2010 Q3",15,2010,3,34.551,4.56,6.77
"DMA048","メディア市場48","2010 Q4",16,2010,4,36.374,4.56,6.98
"DMA048","メディア市場48","2011 Q1",17,2011,1,35.618,4.56,6.88
"DMA048","メディア市場48","2011 Q2",18,2011,2,37.179,4.56,6.77
"DMA048","メディア市場48","2011 Q3",19,2011,3,35.927,4.56,7.11
"DMA048","メディア市場48","2011 Q4",20,2011,4,35.233,4.56,6.77
"DMA049","メディア市場49","2007 Q1",1,2007,1,43.812,18.46,5.67
"DMA049","メディア市場49","2007 Q2",2,2007,2,40.758,18.46,5.66
"DMA049","メディア市場49","2007 Q3",3,2007,3,40.272,18.46,6.17
"DMA049","メディア市場49","2007 Q4",4,2007,4,42.199,18.46,6.56
"DMA049","メディア市場49","2008 Q1",5,2008,1,42.448,18.46,6.09
"DMA049","メディア市場49","2008 Q2",6,2008,2,42.308,18.46,6.64
"DMA049","メディア市場49","2008 Q3",7,2008,3,40.368,18.46,6.92
"DMA049","メディア市場49","2008 Q4",8,2008,4,41.847,18.46,6.72
"DMA049","メディア市場49","2009 Q1",9,2009,1,41.715,18.46,6.46
"DMA049","メディア市場49","2009 Q2",10,2009,2,39.842,18.46,7.49
"DMA049","メディア市場49","2009 Q3",11,2009,3,39.532,18.46,6.9
"DMA049","メディア市場49","2009 Q4",12,2009,4,38.907,18.46,6.35
"DMA049","メディア市場49","2010 Q1",13,2010,1,39.854,18.46,6.79
"DMA049","メディア市場49","2010 Q2",14,2010,2,38.958,18.46,7.11
"DMA049","メディア市場49","2010 Q3",15,2010,3,37.081,18.46,7.07
"DMA049","メディア市場49","2010 Q4",16,2010,4,38.585,18.46,6.97
"DMA049","メディア市場49","2011 Q1",17,2011,1,38.702,18.46,7.12
"DMA049","メディア市場49","2011 Q2",18,2011,2,37.365,18.46,7.21
"DMA049","メディア市場49","2011 Q3",19,2011,3,37.734,18.46,7.2
"DMA049","メディア市場49","2011 Q4",20,2011,4,35.894,18.46,6.68
"DMA050","メディア市場50","2007 Q1",1,2007,1,45.508,21.53,5.85
"DMA050","メディア市場50","2007 Q2",2,2007,2,43.696,21.53,6.15
"DMA050","メディア市場50","2007 Q3",3,2007,3,44.84,21.53,6.5
"DMA050","メディア市場50","2007 Q4",4,2007,4,43.537,21.53,6.41
"DMA050","メディア市場50","2008 Q1",5,2008,1,45.39,21.53,6.95
"DMA050","メディア市場50","2008 Q2",6,2008,2,44.967,21.53,6.64
"DMA050","メディア市場50","2008 Q3",7,2008,3,42.674,21.53,7.04
"DMA050","メディア市場50","2008 Q4",8,2008,4,45.059,21.53,6.65
"DMA050","メディア市場50","2009 Q1",9,2009,1,45.067,21.53,6.77
"DMA050","メディア市場50","2009 Q2",10,2009,2,43.932,21.53,6.55
"DMA050","メディア市場50","2009 Q3",11,2009,3,43.579,21.53,6.23
"DMA050","メディア市場50","2009 Q4",12,2009,4,42.274,21.53,7.41
"DMA050","メディア市場50","2010 Q1",13,2010,1,42.279,21.53,6.16
"DMA050","メディア市場50","2010 Q2",14,2010,2,41.881,21.53,6.81
"DMA050","メディア市場50","2010 Q3",15,2010,3,41.411,21.53,6.85
"DMA050","メディア市場50","2010 Q4",16,2010,4,40.295,21.53,6.91
"DMA050","メディア市場50","2011 Q1",17,2011,1,41.228,21.53,7.15
"DMA050","メディア市場50","2011 Q2",18,2011,2,39.784,21.53,7.03
"DMA050","メディア市場50","2011 Q3",19,2011,3,39.59,21.53,7.42
"DMA050","メディア市場50","2011 Q4",20,2011,4,39.331,21.53,7.99
"DMA051","メディア市場51","2007 Q1",1,2007,1,44.975,15.17,5.43
"DMA051","メディア市場51","2007 Q2",2,2007,2,45.486,15.17,6.42
"DMA051","メディア市場51","2007 Q3",3,2007,3,44.577,15.17,6.23
"DMA051","メディア市場51","2007 Q4",4,2007,4,45.334,15.17,6.49
"DMA051","メディア市場51","2008 Q1",5,2008,1,44.974,15.17,5.69
"DMA051","メディア市場51","2008 Q2",6,2008,2,43.346,15.17,6.29
"DMA051","メディア市場51","2008 Q3",7,2008,3,42.085,15.17,6.29
"DMA051","メディア市場51","2008 Q4",8,2008,4,43.748,15.17,6.65
"DMA051","メディア市場51","2009 Q1",9,2009,1,43.707,15.17,6.95
"DMA051","メディア市場51","2009 Q2",10,2009,2,42.71,15.17,6.87
"DMA051","メディア市場51","2009 Q3",11,2009,3,42.59,15.17,7.19
"DMA051","メディア市場51","2009 Q4",12,2009,4,43.131,15.17,6.67
"DMA051","メディア市場51","2010 Q1",13,2010,1,42.493,15.17,7.06
"DMA051","メディア市場51","2010 Q2",14,2010,2,41.761,15.17,6.89
"DMA051","メディア市場51","2010 Q3",15,2010,3,40.872,15.17,6.89
"DMA051","メディア市場51","2010 Q4",16,2010,4,39.785,15.17,6.7
"DMA051","メディア市場51","2011 Q1",17,2011,1,41.597,15.17,7.25
"DMA051","メディア市場51","2011 Q2",18,2011,2,40.381,15.17,6.87
"DMA051","メディア市場51","2011 Q3",19,2011,3,41.84,15.17,7.6
"DMA051","メディア市場51","2011 Q4",20,2011,4,40.248,15.17,7.19
"DMA052","メディア市場52","2007 Q1",1,2007,1,42.875,13.59,6.14
"DMA052","メディア市場52","2007 Q2",2,2007,2,41.439,13.59,6.06
"DMA052","メディア市場52","2007 Q3",3,2007,3,39.814,13.59,6.55
"DMA052","メディア市場52","2007 Q4",4,2007,4,40.56,13.59,6.81
"DMA052","メディア市場52","2008 Q1",5,2008,1,40.788,13.59,6.65
"DMA052","メディア市場52","2008 Q2",6,2008,2,39.71,13.59,6.2
"DMA052","メディア市場52","2008 Q3",7,2008,3,39.923,13.59,7.63
"DMA052","メディア市場52","2008 Q4",8,2008,4,40.146,13.59,6.42
"DMA052","メディア市場52","2009 Q1",9,2009,1,41.51,13.59,6.57
"DMA052","メディア市場52","2009 Q2",10,2009,2,38.874,13.59,6.89
"DMA052","メディア市場52","2009 Q3",11,2009,3,36.798,13.59,8.11
"DMA052","メディア市場52","2009 Q4",12,2009,4,38.617,13.59,6.61
"DMA052","メディア市場52","2010 Q1",13,2010,1,38.672,13.59,6.93
"DMA052","メディア市場52","2010 Q2",14,2010,2,38.365,13.59,7.04
"DMA052","メディア市場52","2010 Q3",15,2010,3,39.568,13.59,7.64
"DMA052","メディア市場52","2010 Q4",16,2010,4,39.655,13.59,6.62
"DMA052","メディア市場52","2011 Q1",17,2011,1,38.457,13.59,6.67
"DMA052","メディア市場52","2011 Q2",18,2011,2,37.569,13.59,7.1
"DMA052","メディア市場52","2011 Q3",19,2011,3,36.363,13.59,7.38
"DMA052","メディア市場52","2011 Q4",20,2011,4,38.156,13.59,7.81
"DMA053","メディア市場53","2007 Q1",1,2007,1,39.093,9.35,5.54
"DMA053","メディア市場53","2007 Q2",2,2007,2,38.045,9.35,5.6
"DMA053","メディア市場53","2007 Q3",3,2007,3,36.679,9.35,5.85
"DMA053","メディア市場53","2007 Q4",4,2007,4,38.492,9.35,5.65
"DMA053","メディア市場53","2008 Q1",5,2008,1,39.084,9.35,6.08
"DMA053","メディア市場53","2008 Q2",6,2008,2,36.78,9.35,5.9
"DMA053","メディア市場53","2008 Q3",7,2008,3,36.695,9.35,6.18
"DMA053","メディア市場53","2008 Q4",8,2008,4,34.898,9.35,6.28
"DMA053","メディア市場53","2009 Q1",9,2009,1,35.873,9.35,6.68
"DMA053","メディア市場53","2009 Q2",10,2009,2,37.258,9.35,6.16
"DMA053","メディア市場53","2009 Q3",11,2009,3,35.527,9.35,6.42
"DMA053","メディア市場53","2009 Q4",12,2009,4,35.131,9.35,6.53
"DMA053","メディア市場53","2010 Q1",13,2010,1,36.838,9.35,6.18
"DMA053","メディア市場53","2010 Q2",14,2010,2,36.375,9.35,5.73
"DMA053","メディア市場53","2010 Q3",15,2010,3,35.61,9.35,6.72
"DMA053","メディア市場53","2010 Q4",16,2010,4,35.129,9.35,6.87
"DMA053","メディア市場53","2011 Q1",17,2011,1,36.852,9.35,6.67
"DMA053","メディア市場53","2011 Q2",18,2011,2,34.752,9.35,6.93
"DMA053","メディア市場53","2011 Q3",19,2011,3,35.382,9.35,7.08
"DMA053","メディア市場53","2011 Q4",20,2011,4,35.176,9.35,6.83
"DMA054","メディア市場54","2007 Q1",1,2007,1,43.459,9.95,5.69
"DMA054","メディア市場54","2007 Q2",2,2007,2,43.128,9.95,5.61
"DMA054","メディア市場54","2007 Q3",3,2007,3,42.174,9.95,5.33
"DMA054","メディア市場54","2007 Q4",4,2007,4,42.038,9.95,5.86
"DMA054","メディア市場54","2008 Q1",5,2008,1,43.823,9.95,6.17
"DMA054","メディア市場54","2008 Q2",6,2008,2,42.022,9.95,6.11
"DMA054","メディア市場54","2008 Q3",7,2008,3,41.241,9.95,5.78
"DMA054","メディア市場54","2008 Q4",8,2008,4,42.894,9.95,5.91
"DMA054","メディア市場54","2009 Q1",9,2009,1,42.526,9.95,6.08
"DMA054","メディア市場54","2009 Q2",10,2009,2,40.308,9.95,6.57
"DMA054","メディア市場54","2009 Q3",11,2009,3,39.962,9.95,6.37
"DMA054","メディア市場54","2009 Q4",12,2009,4,41.533,9.95,6.25
"DMA054","メディア市場54","2010 Q1",13,2010,1,41.133,9.95,6.14
"DMA054","メディア市場54","2010 Q2",14,2010,2,40.869,9.95,6.45
"DMA054","メディア市場54","2010 Q3",15,2010,3,40.263,9.95,6.36
"DMA054","メディア市場54","2010 Q4",16,2010,4,39.763,9.95,6.23
"DMA054","メディア市場54","2011 Q1",17,2011,1,39.988,9.95,7.03
"DMA054","メディア市場54","2011 Q2",18,2011,2,40.752,9.95,6.81
"DMA054","メディア市場54","2011 Q3",19,2011,3,39.496,9.95,7.05
"DMA054","メディア市場54","2011 Q4",20,2011,4,38.974,9.95,6.8
"DMA055","メディア市場55","2007 Q1",1,2007,1,44.073,20.75,6.96
"DMA055","メディア市場55","2007 Q2",2,2007,2,43.38,20.75,6.66
"DMA055","メディア市場55","2007 Q3",3,2007,3,41.681,20.75,6.68
"DMA055","メディア市場55","2007 Q4",4,2007,4,42.86,20.75,6.29
"DMA055","メディア市場55","2008 Q1",5,2008,1,40.262,20.75,6.06
"DMA055","メディア市場55","2008 Q2",6,2008,2,42.688,20.75,7.19
"DMA055","メディア市場55","2008 Q3",7,2008,3,41.778,20.75,6.9
"DMA055","メディア市場55","2008 Q4",8,2008,4,41.336,20.75,6.78
"DMA055","メディア市場55","2009 Q1",9,2009,1,41.376,20.75,6.6
"DMA055","メディア市場55","2009 Q2",10,2009,2,40.285,20.75,6.37
"DMA055","メディア市場55","2009 Q3",11,2009,3,40.647,20.75,6.6
"DMA055","メディア市場55","2009 Q4",12,2009,4,40.792,20.75,7.51
"DMA055","メディア市場55","2010 Q1",13,2010,1,40.14,20.75,6.62
"DMA055","メディア市場55","2010 Q2",14,2010,2,38.661,20.75,7.5
"DMA055","メディア市場55","2010 Q3",15,2010,3,37.83,20.75,7.02
"DMA055","メディア市場55","2010 Q4",16,2010,4,38.305,20.75,7.05
"DMA055","メディア市場55","2011 Q1",17,2011,1,40.671,20.75,7.09
"DMA055","メディア市場55","2011 Q2",18,2011,2,36.839,20.75,7.28
"DMA055","メディア市場55","2011 Q3",19,2011,3,37.878,20.75,7.39
"DMA055","メディア市場55","2011 Q4",20,2011,4,38.444,20.75,6.97
"DMA056","メディア市場56","2007 Q1",1,2007,1,43.425,20.06,6.35
"DMA056","メディア市場56","2007 Q2",2,2007,2,42.838,20.06,6.39
"DMA056","メディア市場56","2007 Q3",3,2007,3,42.433,20.06,6.77
"DMA056","メディア市場56","2007 Q4",4,2007,4,42.655,20.06,6
"DMA056","メディア市場56","2008 Q1",5,2008,1,41.989,20.06,7.08
"DMA056","メディア市場56","2008 Q2",6,2008,2,42.196,20.06,6.11
"DMA056","メディア市場56","2008 Q3",7,2008,3,41.962,20.06,6.9
"DMA056","メディア市場56","2008 Q4",8,2008,4,41.206,20.06,7.03
"DMA056","メディア市場56","2009 Q1",9,2009,1,41.145,20.06,6.81
"DMA056","メディア市場56","2009 Q2",10,2009,2,40.091,20.06,6.7
"DMA056","メディア市場56","2009 Q3",11,2009,3,40.843,20.06,6.81
"DMA056","メディア市場56","2009 Q4",12,2009,4,40.963,20.06,7.67
"DMA056","メディア市場56","2010 Q1",13,2010,1,39.31,20.06,7.24
"DMA056","メディア市場56","2010 Q2",14,2010,2,39.221,20.06,7.1
"DMA056","メディア市場56","2010 Q3",15,2010,3,40.401,20.06,7.01
"DMA056","メディア市場56","2010 Q4",16,2010,4,39.793,20.06,7.37
"DMA056","メディア市場56","2011 Q1",17,2011,1,39.823,20.06,7.3
"DMA056","メディア市場56","2011 Q2",18,2011,2,37.825,20.06,8.3
"DMA056","メディア市場56","2011 Q3",19,2011,3,36.75,20.06,7.22
"DMA056","メディア市場56","2011 Q4",20,2011,4,36.66,20.06,6.87
"DMA057","メディア市場57","2007 Q1",1,2007,1,46.918,16.32,6.09
"DMA057","メディア市場57","2007 Q2",2,2007,2,46.53,16.32,6.29
"DMA057","メディア市場57","2007 Q3",3,2007,3,46.49,16.32,5.94
"DMA057","メディア市場57","2007 Q4",4,2007,4,46.989,16.32,5.36
"DMA057","メディア市場57","2008 Q1",5,2008,1,45.954,16.32,5.47
"DMA057","メディア市場57","2008 Q2",6,2008,2,47.438,16.32,6.16
"DMA057","メディア市場57","2008 Q3",7,2008,3,45.155,16.32,6.9
"DMA057","メディア市場57","2008 Q4",8,2008,4,47.372,16.32,6.96
"DMA057","メディア市場57","2009 Q1",9,2009,1,46.201,16.32,6.89
"DMA057","メディア市場57","2009 Q2",10,2009,2,45.602,16.32,6.62
"DMA057","メディア市場57","2009 Q3",11,2009,3,44.75,16.32,6.79
"DMA057","メディア市場57","2009 Q4",12,2009,4,43.556,16.32,6.68
"DMA057","メディア市場57","2010 Q1",13,2010,1,45.698,16.32,7.36
"DMA057","メディア市場57","2010 Q2",14,2010,2,43.629,16.32,6.91
"DMA057","メディア市場57","2010 Q3",15,2010,3,44.434,16.32,6.63
"DMA057","メディア市場57","2010 Q4",16,2010,4,42.637,16.32,7.23
"DMA057","メディア市場57","2011 Q1",17,2011,1,44.231,16.32,7.66
"DMA057","メディア市場57","2011 Q2",18,2011,2,43.858,16.32,6.44
"DMA057","メディア市場57","2011 Q3",19,2011,3,43.177,16.32,7.97
"DMA057","メディア市場57","2011 Q4",20,2011,4,42.591,16.32,7.81
"DMA058","メディア市場58","2007 Q1",1,2007,1,47.878,21.42,6.48
"DMA058","メディア市場58","2007 Q2",2,2007,2,45.473,21.42,6.53
"DMA058","メディア市場58","2007 Q3",3,2007,3,46.929,21.42,6.89
"DMA058","メディア市場58","2007 Q4",4,2007,4,45.115,21.42,6.41
"DMA058","メディア市場58","2008 Q1",5,2008,1,47.178,21.42,6.22
"DMA058","メディア市場58","2008 Q2",6,2008,2,47.236,21.42,6.87
"DMA058","メディア市場58","2008 Q3",7,2008,3,45.092,21.42,6.4
"DMA058","メディア市場58","2008 Q4",8,2008,4,45.592,21.42,5.97
"DMA058","メディア市場58","2009 Q1",9,2009,1,46.437,21.42,7.34
"DMA058","メディア市場58","2009 Q2",10,2009,2,43.392,21.42,7.02
"DMA058","メディア市場58","2009 Q3",11,2009,3,43.984,21.42,7.17
"DMA058","メディア市場58","2009 Q4",12,2009,4,43.498,21.42,7.09
"DMA058","メディア市場58","2010 Q1",13,2010,1,44.32,21.42,6.84
"DMA058","メディア市場58","2010 Q2",14,2010,2,43.603,21.42,6.87
"DMA058","メディア市場58","2010 Q3",15,2010,3,41.465,21.42,6.79
"DMA058","メディア市場58","2010 Q4",16,2010,4,41.899,21.42,7
"DMA058","メディア市場58","2011 Q1",17,2011,1,43.308,21.42,7.92
"DMA058","メディア市場58","2011 Q2",18,2011,2,43.705,21.42,6.52
"DMA058","メディア市場58","2011 Q3",19,2011,3,41.391,21.42,7.19
"DMA058","メディア市場58","2011 Q4",20,2011,4,41.539,21.42,7.68
"DMA059","メディア市場59","2007 Q1",1,2007,1,41.246,10.32,5.54
"DMA059","メディア市場59","2007 Q2",2,2007,2,42.527,10.32,5.74
"DMA059","メディア市場59","2007 Q3",3,2007,3,39.223,10.32,5.54
"DMA059","メディア市場59","2007 Q4",4,2007,4,41.031,10.32,6.25
"DMA059","メディア市場59","2008 Q1",5,2008,1,40.289,10.32,6.2
"DMA059","メディア市場59","2008 Q2",6,2008,2,39.347,10.32,5.24
"DMA059","メディア市場59","2008 Q3",7,2008,3,39.939,10.32,6.09
"DMA059","メディア市場59","2008 Q4",8,2008,4,39.109,10.32,6.06
"DMA059","メディア市場59","2009 Q1",9,2009,1,41.221,10.32,6.22
"DMA059","メディア市場59","2009 Q2",10,2009,2,38.872,10.32,6.45
"DMA059","メディア市場59","2009 Q3",11,2009,3,39.69,10.32,6.17
"DMA059","メディア市場59","2009 Q4",12,2009,4,40.336,10.32,6.85
"DMA059","メディア市場59","2010 Q1",13,2010,1,39.366,10.32,5.86
"DMA059","メディア市場59","2010 Q2",14,2010,2,39.049,10.32,6.32
"DMA059","メディア市場59","2010 Q3",15,2010,3,37.819,10.32,6.49
"DMA059","メディア市場59","2010 Q4",16,2010,4,39.186,10.32,6.4
"DMA059","メディア市場59","2011 Q1",17,2011,1,36.588,10.32,6.81
"DMA059","メディア市場59","2011 Q2",18,2011,2,39.165,10.32,6.83
"DMA059","メディア市場59","2011 Q3",19,2011,3,38.955,10.32,6.87
"DMA059","メディア市場59","2011 Q4",20,2011,4,39.008,10.32,6.67
"DMA060","メディア市場60","2007 Q1",1,2007,1,38.287,5.37,5.26
"DMA060","メディア市場60","2007 Q2",2,2007,2,38.736,5.37,6.21
"DMA060","メディア市場60","2007 Q3",3,2007,3,39.193,5.37,6.12
"DMA060","メディア市場60","2007 Q4",4,2007,4,39.284,5.37,6.22
"DMA060","メディア市場60","2008 Q1",5,2008,1,37.131,5.37,5.63
"DMA060","メディア市場60","2008 Q2",6,2008,2,38.31,5.37,6.02
"DMA060","メディア市場60","2008 Q3",7,2008,3,36.329,5.37,6.48
"DMA060","メディア市場60","2008 Q4",8,2008,4,36.374,5.37,6.85
"DMA060","メディア市場60","2009 Q1",9,2009,1,36.245,5.37,6.07
"DMA060","メディア市場60","2009 Q2",10,2009,2,36.759,5.37,6.51
"DMA060","メディア市場60","2009 Q3",11,2009,3,36.92,5.37,6.46
"DMA060","メディア市場60","2009 Q4",12,2009,4,37.321,5.37,7.03
"DMA060","メディア市場60","2010 Q1",13,2010,1,36.519,5.37,6.11
"DMA060","メディア市場60","2010 Q2",14,2010,2,35.458,5.37,7.08
"DMA060","メディア市場60","2010 Q3",15,2010,3,35.742,5.37,6.62
"DMA060","メディア市場60","2010 Q4",16,2010,4,37.555,5.37,6.97
"DMA060","メディア市場60","2011 Q1",17,2011,1,37.187,5.37,7.31
"DMA060","メディア市場60","2011 Q2",18,2011,2,37.014,5.37,6.84
"DMA060","メディア市場60","2011 Q3",19,2011,3,36.907,5.37,6.48
"DMA060","メディア市場60","2011 Q4",20,2011,4,37.3,5.37,7.16
"DMA061","メディア市場61","2007 Q1",1,2007,1,42.943,9.04,5.54
"DMA061","メディア市場61","2007 Q2",2,2007,2,42.802,9.04,6.3
"DMA061","メディア市場61","2007 Q3",3,2007,3,41.151,9.04,5.92
"DMA061","メディア市場61","2007 Q4",4,2007,4,41.464,9.04,5.77
"DMA061","メディア市場61","2008 Q1",5,2008,1,41.754,9.04,6.38
"DMA061","メディア市場61","2008 Q2",6,2008,2,40.405,9.04,5.66
"DMA061","メディア市場61","2008 Q3",7,2008,3,41.244,9.04,5.23
"DMA061","メディア市場61","2008 Q4",8,2008,4,41.366,9.04,6.06
"DMA061","メディア市場61","2009 Q1",9,2009,1,40.988,9.04,5.59
"DMA061","メディア市場61","2009 Q2",10,2009,2,41.433,9.04,6.31
"DMA061","メディア市場61","2009 Q3",11,2009,3,40.837,9.04,6.33
"DMA061","メディア市場61","2009 Q4",12,2009,4,39.949,9.04,6.47
"DMA061","メディア市場61","2010 Q1",13,2010,1,40.347,9.04,6.19
"DMA061","メディア市場61","2010 Q2",14,2010,2,40.996,9.04,6.54
"DMA061","メディア市場61","2010 Q3",15,2010,3,39.514,9.04,6.5
"DMA061","メディア市場61","2010 Q4",16,2010,4,40.008,9.04,6.21
"DMA061","メディア市場61","2011 Q1",17,2011,1,41.639,9.04,6.85
"DMA061","メディア市場61","2011 Q2",18,2011,2,40.494,9.04,7.24
"DMA061","メディア市場61","2011 Q3",19,2011,3,39.838,9.04,7.04
"DMA061","メディア市場61","2011 Q4",20,2011,4,39.535,9.04,7.03
"DMA062","メディア市場62","2007 Q1",1,2007,1,44.107,15.5,6.1
"DMA062","メディア市場62","2007 Q2",2,2007,2,43.886,15.5,6.94
"DMA062","メディア市場62","2007 Q3",3,2007,3,43.931,15.5,6.74
"DMA062","メディア市場62","2007 Q4",4,2007,4,44.159,15.5,6.37
"DMA062","メディア市場62","2008 Q1",5,2008,1,44.642,15.5,6.38
"DMA062","メディア市場62","2008 Q2",6,2008,2,44.815,15.5,6.46
"DMA062","メディア市場62","2008 Q3",7,2008,3,44.144,15.5,6.11
"DMA062","メディア市場62","2008 Q4",8,2008,4,43.234,15.5,6.79
"DMA062","メディア市場62","2009 Q1",9,2009,1,44.508,15.5,6.8
"DMA062","メディア市場62","2009 Q2",10,2009,2,43.383,15.5,6.84
"DMA062","メディア市場62","2009 Q3",11,2009,3,44.107,15.5,6.68
"DMA062","メディア市場62","2009 Q4",12,2009,4,43.353,15.5,7.01
"DMA062","メディア市場62","2010 Q1",13,2010,1,42.77,15.5,6.67
"DMA062","メディア市場62","2010 Q2",14,2010,2,43.771,15.5,6.86
"DMA062","メディア市場62","2010 Q3",15,2010,3,42.811,15.5,7
"DMA062","メディア市場62","2010 Q4",16,2010,4,41.181,15.5,7.68
"DMA062","メディア市場62","2011 Q1",17,2011,1,40.647,15.5,7.15
"DMA062","メディア市場62","2011 Q2",18,2011,2,40.598,15.5,7.35
"DMA062","メディア市場62","2011 Q3",19,2011,3,40.323,15.5,7.83
"DMA062","メディア市場62","2011 Q4",20,2011,4,40.3,15.5,7
"DMA063","メディア市場63","2007 Q1",1,2007,1,42.454,19.01,6.43
"DMA063","メディア市場63","2007 Q2",2,2007,2,40.033,19.01,6.12
"DMA063","メディア市場63","2007 Q3",3,2007,3,41.51,19.01,6.26
"DMA063","メディア市場63","2007 Q4",4,2007,4,41.571,19.01,6.25
"DMA063","メディア市場63","2008 Q1",5,2008,1,41.028,19.01,6.44
"DMA063","メディア市場63","2008 Q2",6,2008,2,39.399,19.01,6.18
"DMA063","メディア市場63","2008 Q3",7,2008,3,40.602,19.01,6.29
"DMA063","メディア市場63","2008 Q4",8,2008,4,40.023,19.01,6.43
"DMA063","メディア市場63","2009 Q1",9,2009,1,39.502,19.01,6.28
"DMA063","メディア市場63","2009 Q2",10,2009,2,39.347,19.01,6.22
"DMA063","メディア市場63","2009 Q3",11,2009,3,39.338,19.01,7.04
"DMA063","メディア市場63","2009 Q4",12,2009,4,39.068,19.01,6.94
"DMA063","メディア市場63","2010 Q1",13,2010,1,38.712,19.01,6.64
"DMA063","メディア市場63","2010 Q2",14,2010,2,36.838,19.01,7.3
"DMA063","メディア市場63","2010 Q3",15,2010,3,37.455,19.01,6.95
"DMA063","メディア市場63","2010 Q4",16,2010,4,38.181,19.01,6.68
"DMA063","メディア市場63","2011 Q1",17,2011,1,37.083,19.01,7.15
"DMA063","メディア市場63","2011 Q2",18,2011,2,37.5,19.01,7.12
"DMA063","メディア市場63","2011 Q3",19,2011,3,37.242,19.01,7.43
"DMA063","メディア市場63","2011 Q4",20,2011,4,38.39,19.01,7.4
"DMA064","メディア市場64","2007 Q1",1,2007,1,42.215,19.8,6.52
"DMA064","メディア市場64","2007 Q2",2,2007,2,42.653,19.8,7.05
"DMA064","メディア市場64","2007 Q3",3,2007,3,40.244,19.8,6.2
"DMA064","メディア市場64","2007 Q4",4,2007,4,41.436,19.8,6.25
"DMA064","メディア市場64","2008 Q1",5,2008,1,41.351,19.8,6.84
"DMA064","メディア市場64","2008 Q2",6,2008,2,40.544,19.8,6.47
"DMA064","メディア市場64","2008 Q3",7,2008,3,39.058,19.8,6.15
"DMA064","メディア市場64","2008 Q4",8,2008,4,39.951,19.8,6.69
"DMA064","メディア市場64","2009 Q1",9,2009,1,40.352,19.8,6.55
"DMA064","メディア市場64","2009 Q2",10,2009,2,41.382,19.8,6.41
"DMA064","メディア市場64","2009 Q3",11,2009,3,37.447,19.8,7.1
"DMA064","メディア市場64","2009 Q4",12,2009,4,38.917,19.8,6.45
"DMA064","メディア市場64","2010 Q1",13,2010,1,40.021,19.8,6.69
"DMA064","メディア市場64","2010 Q2",14,2010,2,37.252,19.8,7.01
"DMA064","メディア市場64","2010 Q3",15,2010,3,37.755,19.8,7.44
"DMA064","メディア市場64","2010 Q4",16,2010,4,36.671,19.8,6.81
"DMA064","メディア市場64","2011 Q1",17,2011,1,36.804,19.8,6.58
"DMA064","メディア市場64","2011 Q2",18,2011,2,36.935,19.8,7.3
"DMA064","メディア市場64","2011 Q3",19,2011,3,36.27,19.8,7.45
"DMA064","メディア市場64","2011 Q4",20,2011,4,34.73,19.8,7.42
"DMA065","メディア市場65","2007 Q1",1,2007,1,41.945,10.02,6.48
"DMA065","メディア市場65","2007 Q2",2,2007,2,42.614,10.02,5.49
"DMA065","メディア市場65","2007 Q3",3,2007,3,39.033,10.02,5.91
"DMA065","メディア市場65","2007 Q4",4,2007,4,41.132,10.02,5.64
"DMA065","メディア市場65","2008 Q1",5,2008,1,43.595,10.02,6.12
"DMA065","メディア市場65","2008 Q2",6,2008,2,40.069,10.02,6.23
"DMA065","メディア市場65","2008 Q3",7,2008,3,41.481,10.02,6.33
"DMA065","メディア市場65","2008 Q4",8,2008,4,40.015,10.02,5.76
"DMA065","メディア市場65","2009 Q1",9,2009,1,41.297,10.02,6.71
"DMA065","メディア市場65","2009 Q2",10,2009,2,41.336,10.02,6.35
"DMA065","メディア市場65","2009 Q3",11,2009,3,38.89,10.02,6.68
"DMA065","メディア市場65","2009 Q4",12,2009,4,39.417,10.02,6.42
"DMA065","メディア市場65","2010 Q1",13,2010,1,40.052,10.02,6.45
"DMA065","メディア市場65","2010 Q2",14,2010,2,40.221,10.02,7.02
"DMA065","メディア市場65","2010 Q3",15,2010,3,41.899,10.02,6.37
"DMA065","メディア市場65","2010 Q4",16,2010,4,41.257,10.02,6.03
"DMA065","メディア市場65","2011 Q1",17,2011,1,40.405,10.02,6.95
"DMA065","メディア市場65","2011 Q2",18,2011,2,40.75,10.02,6.54
"DMA065","メディア市場65","2011 Q3",19,2011,3,39.185,10.02,7
"DMA065","メディア市場65","2011 Q4",20,2011,4,40.402,10.02,6.57
"DMA066","メディア市場66","2007 Q1",1,2007,1,43.232,21.41,5.98
"DMA066","メディア市場66","2007 Q2",2,2007,2,45.094,21.41,6.03
"DMA066","メディア市場66","2007 Q3",3,2007,3,43.414,21.41,6.07
"DMA066","メディア市場66","2007 Q4",4,2007,4,45.619,21.41,6.56
"DMA066","メディア市場66","2008 Q1",5,2008,1,41.804,21.41,6.61
"DMA066","メディア市場66","2008 Q2",6,2008,2,40.087,21.41,7.39
"DMA066","メディア市場66","2008 Q3",7,2008,3,42.552,21.41,6.69
"DMA066","メディア市場66","2008 Q4",8,2008,4,42.182,21.41,7.39
"DMA066","メディア市場66","2009 Q1",9,2009,1,43.597,21.41,6.45
"DMA066","メディア市場66","2009 Q2",10,2009,2,41.608,21.41,6.79
"DMA066","メディア市場66","2009 Q3",11,2009,3,41.836,21.41,6.43
"DMA066","メディア市場66","2009 Q4",12,2009,4,42.206,21.41,6.7
"DMA066","メディア市場66","2010 Q1",13,2010,1,40.161,21.41,6.8
"DMA066","メディア市場66","2010 Q2",14,2010,2,41.255,21.41,6.7
"DMA066","メディア市場66","2010 Q3",15,2010,3,39.689,21.41,7.71
"DMA066","メディア市場66","2010 Q4",16,2010,4,40.404,21.41,7.02
"DMA066","メディア市場66","2011 Q1",17,2011,1,39.323,21.41,6.73
"DMA066","メディア市場66","2011 Q2",18,2011,2,40.605,21.41,7.53
"DMA066","メディア市場66","2011 Q3",19,2011,3,38.988,21.41,6.73
"DMA066","メディア市場66","2011 Q4",20,2011,4,39.746,21.41,7.56
"DMA067","メディア市場67","2007 Q1",1,2007,1,42.064,13.78,5.76
"DMA067","メディア市場67","2007 Q2",2,2007,2,41.154,13.78,6.14
"DMA067","メディア市場67","2007 Q3",3,2007,3,40.276,13.78,6.44
"DMA067","メディア市場67","2007 Q4",4,2007,4,41.938,13.78,6.17
"DMA067","メディア市場67","2008 Q1",5,2008,1,41.239,13.78,6.62
"DMA067","メディア市場67","2008 Q2",6,2008,2,40.802,13.78,6.51
"DMA067","メディア市場67","2008 Q3",7,2008,3,40.502,13.78,6.38
"DMA067","メディア市場67","2008 Q4",8,2008,4,40.59,13.78,7.3
"DMA067","メディア市場67","2009 Q1",9,2009,1,40.347,13.78,6.08
"DMA067","メディア市場67","2009 Q2",10,2009,2,39.718,13.78,6.24
"DMA067","メディア市場67","2009 Q3",11,2009,3,38.276,13.78,6.59
"DMA067","メディア市場67","2009 Q4",12,2009,4,37.811,13.78,6.77
"DMA067","メディア市場67","2010 Q1",13,2010,1,39.183,13.78,7.27
"DMA067","メディア市場67","2010 Q2",14,2010,2,39.063,13.78,7.53
"DMA067","メディア市場67","2010 Q3",15,2010,3,38.386,13.78,6.81
"DMA067","メディア市場67","2010 Q4",16,2010,4,39.229,13.78,6.64
"DMA067","メディア市場67","2011 Q1",17,2011,1,39.322,13.78,7.16
"DMA067","メディア市場67","2011 Q2",18,2011,2,39.225,13.78,6.94
"DMA067","メディア市場67","2011 Q3",19,2011,3,37.888,13.78,7.29
"DMA067","メディア市場67","2011 Q4",20,2011,4,39.354,13.78,7.59
"DMA068","メディア市場68","2007 Q1",1,2007,1,46.282,22.37,6.43
"DMA068","メディア市場68","2007 Q2",2,2007,2,48.129,22.37,6.54
"DMA068","メディア市場68","2007 Q3",3,2007,3,47.956,22.37,6.31
"DMA068","メディア市場68","2007 Q4",4,2007,4,48.274,22.37,6.02
"DMA068","メディア市場68","2008 Q1",5,2008,1,47.711,22.37,6.68
"DMA068","メディア市場68","2008 Q2",6,2008,2,46.071,22.37,6.81
"DMA068","メディア市場68","2008 Q3",7,2008,3,46.579,22.37,6.79
"DMA068","メディア市場68","2008 Q4",8,2008,4,45.903,22.37,5.95
"DMA068","メディア市場68","2009 Q1",9,2009,1,46.585,22.37,6.53
"DMA068","メディア市場68","2009 Q2",10,2009,2,45.461,22.37,6.63
"DMA068","メディア市場68","2009 Q3",11,2009,3,44.674,22.37,7.05
"DMA068","メディア市場68","2009 Q4",12,2009,4,46.397,22.37,6.98
"DMA068","メディア市場68","2010 Q1",13,2010,1,44.452,22.37,6.99
"DMA068","メディア市場68","2010 Q2",14,2010,2,42.444,22.37,6.98
"DMA068","メディア市場68","2010 Q3",15,2010,3,41.902,22.37,6.94
"DMA068","メディア市場68","2010 Q4",16,2010,4,43.664,22.37,8.33
"DMA068","メディア市場68","2011 Q1",17,2011,1,44.335,22.37,7.37
"DMA068","メディア市場68","2011 Q2",18,2011,2,43.878,22.37,7.32
"DMA068","メディア市場68","2011 Q3",19,2011,3,42.346,22.37,6.85
"DMA068","メディア市場68","2011 Q4",20,2011,4,41.808,22.37,7.74
"DMA069","メディア市場69","2007 Q1",1,2007,1,43.055,21.82,6.19
"DMA069","メディア市場69","2007 Q2",2,2007,2,42.73,21.82,6.18
"DMA069","メディア市場69","2007 Q3",3,2007,3,41.819,21.82,6.87
"DMA069","メディア市場69","2007 Q4",4,2007,4,42.088,21.82,6.75
"DMA069","メディア市場69","2008 Q1",5,2008,1,41.138,21.82,7.02
"DMA069","メディア市場69","2008 Q2",6,2008,2,42.838,21.82,6.88
"DMA069","メディア市場69","2008 Q3",7,2008,3,40.1,21.82,6.57
"DMA069","メディア市場69","2008 Q4",8,2008,4,40.496,21.82,6.22
"DMA069","メディア市場69","2009 Q1",9,2009,1,42.101,21.82,6.57
"DMA069","メディア市場69","2009 Q2",10,2009,2,39.222,21.82,6.1
"DMA069","メディア市場69","2009 Q3",11,2009,3,40.596,21.82,7.07
"DMA069","メディア市場69","2009 Q4",12,2009,4,39.438,21.82,6.76
"DMA069","メディア市場69","2010 Q1",13,2010,1,39.858,21.82,6.69
"DMA069","メディア市場69","2010 Q2",14,2010,2,39.474,21.82,7.08
"DMA069","メディア市場69","2010 Q3",15,2010,3,37.847,21.82,6.9
"DMA069","メディア市場69","2010 Q4",16,2010,4,37.625,21.82,7.46
"DMA069","メディア市場69","2011 Q1",17,2011,1,36.86,21.82,6.64
"DMA069","メディア市場69","2011 Q2",18,2011,2,36.023,21.82,7
"DMA069","メディア市場69","2011 Q3",19,2011,3,37.048,21.82,7.37
"DMA069","メディア市場69","2011 Q4",20,2011,4,35.1,21.82,6.59
"DMA070","メディア市場70","2007 Q1",1,2007,1,42.648,7.69,5.83
"DMA070","メディア市場70","2007 Q2",2,2007,2,40.81,7.69,5.68
"DMA070","メディア市場70","2007 Q3",3,2007,3,40.23,7.69,6.3
"DMA070","メディア市場70","2007 Q4",4,2007,4,43.527,7.69,6.06
"DMA070","メディア市場70","2008 Q1",5,2008,1,42.177,7.69,5.44
"DMA070","メディア市場70","2008 Q2",6,2008,2,41.536,7.69,6.19
"DMA070","メディア市場70","2008 Q3",7,2008,3,39.614,7.69,6.7
"DMA070","メディア市場70","2008 Q4",8,2008,4,41.478,7.69,6.43
"DMA070","メディア市場70","2009 Q1",9,2009,1,40.952,7.69,6.24
"DMA070","メディア市場70","2009 Q2",10,2009,2,38.632,7.69,6.15
"DMA070","メディア市場70","2009 Q3",11,2009,3,41.602,7.69,6.14
"DMA070","メディア市場70","2009 Q4",12,2009,4,42.318,7.69,6.95
"DMA070","メディア市場70","2010 Q1",13,2010,1,40.202,7.69,5.9
"DMA070","メディア市場70","2010 Q2",14,2010,2,39.44,7.69,7.61
"DMA070","メディア市場70","2010 Q3",15,2010,3,41.199,7.69,7.13
"DMA070","メディア市場70","2010 Q4",16,2010,4,40.771,7.69,7.15
"DMA070","メディア市場70","2011 Q1",17,2011,1,40.28,7.69,6.75
"DMA070","メディア市場70","2011 Q2",18,2011,2,39.561,7.69,6.98
"DMA070","メディア市場70","2011 Q3",19,2011,3,41.166,7.69,7.21
"DMA070","メディア市場70","2011 Q4",20,2011,4,40.531,7.69,7.29
"DMA071","メディア市場71","2007 Q1",1,2007,1,38.823,10.52,6.5
"DMA071","メディア市場71","2007 Q2",2,2007,2,38.569,10.52,5.17
"DMA071","メディア市場71","2007 Q3",3,2007,3,38.865,10.52,6.2
"DMA071","メディア市場71","2007 Q4",4,2007,4,38.976,10.52,6.06
"DMA071","メディア市場71","2008 Q1",5,2008,1,38.904,10.52,6.28
"DMA071","メディア市場71","2008 Q2",6,2008,2,38.695,10.52,6.29
"DMA071","メディア市場71","2008 Q3",7,2008,3,38.626,10.52,5.81
"DMA071","メディア市場71","2008 Q4",8,2008,4,38.081,10.52,5.76
"DMA071","メディア市場71","2009 Q1",9,2009,1,37.259,10.52,6.28
"DMA071","メディア市場71","2009 Q2",10,2009,2,37.648,10.52,6.77
"DMA071","メディア市場71","2009 Q3",11,2009,3,37.047,10.52,6.46
"DMA071","メディア市場71","2009 Q4",12,2009,4,38.989,10.52,6.38
"DMA071","メディア市場71","2010 Q1",13,2010,1,37.237,10.52,6.89
"DMA071","メディア市場71","2010 Q2",14,2010,2,36.827,10.52,6.92
"DMA071","メディア市場71","2010 Q3",15,2010,3,37.484,10.52,6.29
"DMA071","メディア市場71","2010 Q4",16,2010,4,36.77,10.52,6.21
"DMA071","メディア市場71","2011 Q1",17,2011,1,38.784,10.52,6.63
"DMA071","メディア市場71","2011 Q2",18,2011,2,37.395,10.52,6.51
"DMA071","メディア市場71","2011 Q3",19,2011,3,36.004,10.52,6.34
"DMA071","メディア市場71","2011 Q4",20,2011,4,35.419,10.52,6.26
"DMA072","メディア市場72","2007 Q1",1,2007,1,43.449,9.6,6.15
"DMA072","メディア市場72","2007 Q2",2,2007,2,43.613,9.6,6.29
"DMA072","メディア市場72","2007 Q3",3,2007,3,42.363,9.6,5.92
"DMA072","メディア市場72","2007 Q4",4,2007,4,41.939,9.6,5.82
"DMA072","メディア市場72","2008 Q1",5,2008,1,42.459,9.6,5.9
"DMA072","メディア市場72","2008 Q2",6,2008,2,42.944,9.6,6.36
"DMA072","メディア市場72","2008 Q3",7,2008,3,43.002,9.6,6.5
"DMA072","メディア市場72","2008 Q4",8,2008,4,41.67,9.6,6.69
"DMA072","メディア市場72","2009 Q1",9,2009,1,41.254,9.6,6.25
"DMA072","メディア市場72","2009 Q2",10,2009,2,42.082,9.6,6.14
"DMA072","メディア市場72","2009 Q3",11,2009,3,40.297,9.6,6.22
"DMA072","メディア市場72","2009 Q4",12,2009,4,41.448,9.6,6.54
"DMA072","メディア市場72","2010 Q1",13,2010,1,42.462,9.6,6.89
"DMA072","メディア市場72","2010 Q2",14,2010,2,42.469,9.6,6.56
"DMA072","メディア市場72","2010 Q3",15,2010,3,42.104,9.6,6.17
"DMA072","メディア市場72","2010 Q4",16,2010,4,41.381,9.6,6.39
"DMA072","メディア市場72","2011 Q1",17,2011,1,40.629,9.6,6.47
"DMA072","メディア市場72","2011 Q2",18,2011,2,40.603,9.6,7.06
"DMA072","メディア市場72","2011 Q3",19,2011,3,40.018,9.6,7.06
"DMA072","メディア市場72","2011 Q4",20,2011,4,41.582,9.6,6.97
"DMA073","メディア市場73","2007 Q1",1,2007,1,41.521,11.64,5.53
"DMA073","メディア市場73","2007 Q2",2,2007,2,40.729,11.64,5.41
"DMA073","メディア市場73","2007 Q3",3,2007,3,38.65,11.64,6.21
"DMA073","メディア市場73","2007 Q4",4,2007,4,41.789,11.64,5.99
"DMA073","メディア市場73","2008 Q1",5,2008,1,41.524,11.64,5.57
"DMA073","メディア市場73","2008 Q2",6,2008,2,38.934,11.64,6.58
"DMA073","メディア市場73","2008 Q3",7,2008,3,38.171,11.64,5.76
"DMA073","メディア市場73","2008 Q4",8,2008,4,39.959,11.64,5.91
"DMA073","メディア市場73","2009 Q1",9,2009,1,40.385,11.64,5.92
"DMA073","メディア市場73","2009 Q2",10,2009,2,40.852,11.64,6.2
"DMA073","メディア市場73","2009 Q3",11,2009,3,39.147,11.64,6.24
"DMA073","メディア市場73","2009 Q4",12,2009,4,38.885,11.64,6.62
"DMA073","メディア市場73","2010 Q1",13,2010,1,40.768,11.64,6.63
"DMA073","メディア市場73","2010 Q2",14,2010,2,37.275,11.64,6.32
"DMA073","メディア市場73","2010 Q3",15,2010,3,37.313,11.64,6.76
"DMA073","メディア市場73","2010 Q4",16,2010,4,38.563,11.64,6.75
"DMA073","メディア市場73","2011 Q1",17,2011,1,39.158,11.64,7.49
"DMA073","メディア市場73","2011 Q2",18,2011,2,38.645,11.64,6.94
"DMA073","メディア市場73","2011 Q3",19,2011,3,37.148,11.64,6.29
"DMA073","メディア市場73","2011 Q4",20,2011,4,36.958,11.64,6.97
"DMA074","メディア市場74","2007 Q1",1,2007,1,40.601,4.96,5.41
"DMA074","メディア市場74","2007 Q2",2,2007,2,38.97,4.96,5.85
"DMA074","メディア市場74","2007 Q3",3,2007,3,39.025,4.96,5.62
"DMA074","メディア市場74","2007 Q4",4,2007,4,38.007,4.96,6.53
"DMA074","メディア市場74","2008 Q1",5,2008,1,38.988,4.96,6.36
"DMA074","メディア市場74","2008 Q2",6,2008,2,37.72,4.96,6.12
"DMA074","メディア市場74","2008 Q3",7,2008,3,38.217,4.96,5.82
"DMA074","メディア市場74","2008 Q4",8,2008,4,37.795,4.96,6.35
"DMA074","メディア市場74","2009 Q1",9,2009,1,38.238,4.96,6.68
"DMA074","メディア市場74","2009 Q2",10,2009,2,37.187,4.96,6.02
"DMA074","メディア市場74","2009 Q3",11,2009,3,37.03,4.96,6.86
"DMA074","メディア市場74","2009 Q4",12,2009,4,38.016,4.96,6.45
"DMA074","メディア市場74","2010 Q1",13,2010,1,37.467,4.96,6.15
"DMA074","メディア市場74","2010 Q2",14,2010,2,39.058,4.96,5.96
"DMA074","メディア市場74","2010 Q3",15,2010,3,39.695,4.96,6.44
"DMA074","メディア市場74","2010 Q4",16,2010,4,38.196,4.96,6.65
"DMA074","メディア市場74","2011 Q1",17,2011,1,38.523,4.96,6.41
"DMA074","メディア市場74","2011 Q2",18,2011,2,39.009,4.96,6.57
"DMA074","メディア市場74","2011 Q3",19,2011,3,38.114,4.96,7.14
"DMA074","メディア市場74","2011 Q4",20,2011,4,37.726,4.96,6.94
"DMA075","メディア市場75","2007 Q1",1,2007,1,44.68,17.31,5.93
"DMA075","メディア市場75","2007 Q2",2,2007,2,43.624,17.31,6.96
"DMA075","メディア市場75","2007 Q3",3,2007,3,42.581,17.31,6.78
"DMA075","メディア市場75","2007 Q4",4,2007,4,42.753,17.31,6.94
"DMA075","メディア市場75","2008 Q1",5,2008,1,41.547,17.31,7.11
"DMA075","メディア市場75","2008 Q2",6,2008,2,42.28,17.31,6.38
"DMA075","メディア市場75","2008 Q3",7,2008,3,42.947,17.31,6.81
"DMA075","メディア市場75","2008 Q4",8,2008,4,42.676,17.31,7.12
"DMA075","メディア市場75","2009 Q1",9,2009,1,43.26,17.31,6.81
"DMA075","メディア市場75","2009 Q2",10,2009,2,40.823,17.31,6.71
"DMA075","メディア市場75","2009 Q3",11,2009,3,41.451,17.31,6.53
"DMA075","メディア市場75","2009 Q4",12,2009,4,41.531,17.31,7.16
"DMA075","メディア市場75","2010 Q1",13,2010,1,40.306,17.31,7.08
"DMA075","メディア市場75","2010 Q2",14,2010,2,40.882,17.31,6.99
"DMA075","メディア市場75","2010 Q3",15,2010,3,38.867,17.31,7.73
"DMA075","メディア市場75","2010 Q4",16,2010,4,37.128,17.31,7.33
"DMA075","メディア市場75","2011 Q1",17,2011,1,40.113,17.31,7.33
"DMA075","メディア市場75","2011 Q2",18,2011,2,38.937,17.31,7.13
"DMA075","メディア市場75","2011 Q3",19,2011,3,38.897,17.31,7.68
"DMA075","メディア市場75","2011 Q4",20,2011,4,37.621,17.31,7.12
"DMA076","メディア市場76","2007 Q1",1,2007,1,40.829,6.03,6.04
"DMA076","メディア市場76","2007 Q2",2,2007,2,39.41,6.03,6.2
"DMA076","メディア市場76","2007 Q3",3,2007,3,40.344,6.03,5.55
"DMA076","メディア市場76","2007 Q4",4,2007,4,40.718,6.03,5.56
"DMA076","メディア市場76","2008 Q1",5,2008,1,39.623,6.03,5.84
"DMA076","メディア市場76","2008 Q2",6,2008,2,40.108,6.03,6.13
"DMA076","メディア市場76","2008 Q3",7,2008,3,38.367,6.03,6.28
"DMA076","メディア市場76","2008 Q4",8,2008,4,36.733,6.03,7.17
"DMA076","メディア市場76","2009 Q1",9,2009,1,38.097,6.03,7.08
"DMA076","メディア市場76","2009 Q2",10,2009,2,37.356,6.03,5.96
"DMA076","メディア市場76","2009 Q3",11,2009,3,37.012,6.03,6.15
"DMA076","メディア市場76","2009 Q4",12,2009,4,37.608,6.03,7.36
"DMA076","メディア市場76","2010 Q1",13,2010,1,39.255,6.03,6.63
"DMA076","メディア市場76","2010 Q2",14,2010,2,37.361,6.03,5.89
"DMA076","メディア市場76","2010 Q3",15,2010,3,37.16,6.03,6.98
"DMA076","メディア市場76","2010 Q4",16,2010,4,38.473,6.03,6.91
"DMA076","メディア市場76","2011 Q1",17,2011,1,38.052,6.03,6.58
"DMA076","メディア市場76","2011 Q2",18,2011,2,37.937,6.03,6.73
"DMA076","メディア市場76","2011 Q3",19,2011,3,37.523,6.03,6.57
"DMA076","メディア市場76","2011 Q4",20,2011,4,38.393,6.03,6.92
"DMA077","メディア市場77","2007 Q1",1,2007,1,47.776,22.39,6.1
"DMA077","メディア市場77","2007 Q2",2,2007,2,45.368,22.39,5.8
"DMA077","メディア市場77","2007 Q3",3,2007,3,44.802,22.39,6.31
"DMA077","メディア市場77","2007 Q4",4,2007,4,45.368,22.39,6.51
"DMA077","メディア市場77","2008 Q1",5,2008,1,44.048,22.39,6.03
"DMA077","メディア市場77","2008 Q2",6,2008,2,46.231,22.39,6.4
"DMA077","メディア市場77","2008 Q3",7,2008,3,45.095,22.39,6.1
"DMA077","メディア市場77","2008 Q4",8,2008,4,43.203,22.39,6.66
"DMA077","メディア市場77","2009 Q1",9,2009,1,43.526,22.39,6.27
"DMA077","メディア市場77","2009 Q2",10,2009,2,45.694,22.39,6.42
"DMA077","メディア市場77","2009 Q3",11,2009,3,45.049,22.39,7.31
"DMA077","メディア市場77","2009 Q4",12,2009,4,44.124,22.39,6.76
"DMA077","メディア市場77","2010 Q1",13,2010,1,43.196,22.39,6.24
"DMA077","メディア市場77","2010 Q2",14,2010,2,41.882,22.39,6.65
"DMA077","メディア市場77","2010 Q3",15,2010,3,41.243,22.39,7.39
"DMA077","メディア市場77","2010 Q4",16,2010,4,41.049,22.39,7.15
"DMA077","メディア市場77","2011 Q1",17,2011,1,41.053,22.39,7.04
"DMA077","メディア市場77","2011 Q2",18,2011,2,42.148,22.39,7.41
"DMA077","メディア市場77","2011 Q3",19,2011,3,39.51,22.39,6.82
"DMA077","メディア市場77","2011 Q4",20,2011,4,39.504,22.39,7.77
"DMA078","メディア市場78","2007 Q1",1,2007,1,44.127,21.08,6.28
"DMA078","メディア市場78","2007 Q2",2,2007,2,44.074,21.08,5.79
"DMA078","メディア市場78","2007 Q3",3,2007,3,45.254,21.08,6.11
"DMA078","メディア市場78","2007 Q4",4,2007,4,45.55,21.08,5.88
"DMA078","メディア市場78","2008 Q1",5,2008,1,43.237,21.08,7.11
"DMA078","メディア市場78","2008 Q2",6,2008,2,43.043,21.08,6.6
"DMA078","メディア市場78","2008 Q3",7,2008,3,42.836,21.08,5.92
"DMA078","メディア市場78","2008 Q4",8,2008,4,42.597,21.08,5.96
"DMA078","メディア市場78","2009 Q1",9,2009,1,43.078,21.08,6.09
"DMA078","メディア市場78","2009 Q2",10,2009,2,42.297,21.08,6.83
"DMA078","メディア市場78","2009 Q3",11,2009,3,42.148,21.08,7.12
"DMA078","メディア市場78","2009 Q4",12,2009,4,41.098,21.08,7.04
"DMA078","メディア市場78","2010 Q1",13,2010,1,40.829,21.08,7.02
"DMA078","メディア市場78","2010 Q2",14,2010,2,39.904,21.08,6.73
"DMA078","メディア市場78","2010 Q3",15,2010,3,38.739,21.08,6.87
"DMA078","メディア市場78","2010 Q4",16,2010,4,39.565,21.08,6.77
"DMA078","メディア市場78","2011 Q1",17,2011,1,40.416,21.08,6.99
"DMA078","メディア市場78","2011 Q2",18,2011,2,40.04,21.08,7.1
"DMA078","メディア市場78","2011 Q3",19,2011,3,38.398,21.08,7.23
"DMA078","メディア市場78","2011 Q4",20,2011,4,38.657,21.08,7.14
"DMA079","メディア市場79","2007 Q1",1,2007,1,47.938,21.86,5.57
"DMA079","メディア市場79","2007 Q2",2,2007,2,47.222,21.86,6.67
"DMA079","メディア市場79","2007 Q3",3,2007,3,48.625,21.86,6.19
"DMA079","メディア市場79","2007 Q4",4,2007,4,48.837,21.86,6.3
"DMA079","メディア市場79","2008 Q1",5,2008,1,46.565,21.86,6.51
"DMA079","メディア市場79","2008 Q2",6,2008,2,47.514,21.86,6.9
"DMA079","メディア市場79","2008 Q3",7,2008,3,47.871,21.86,6.49
"DMA079","メディア市場79","2008 Q4",8,2008,4,45.379,21.86,6.65
"DMA079","メディア市場79","2009 Q1",9,2009,1,46.317,21.86,6.66
"DMA079","メディア市場79","2009 Q2",10,2009,2,47.162,21.86,6.89
"DMA079","メディア市場79","2009 Q3",11,2009,3,45.527,21.86,6.63
"DMA079","メディア市場79","2009 Q4",12,2009,4,46.457,21.86,6.71
"DMA079","メディア市場79","2010 Q1",13,2010,1,43.968,21.86,6.97
"DMA079","メディア市場79","2010 Q2",14,2010,2,43.786,21.86,7.64
"DMA079","メディア市場79","2010 Q3",15,2010,3,42.834,21.86,7.12
"DMA079","メディア市場79","2010 Q4",16,2010,4,44.182,21.86,7.13
"DMA079","メディア市場79","2011 Q1",17,2011,1,43.514,21.86,7.04
"DMA079","メディア市場79","2011 Q2",18,2011,2,40.903,21.86,6.61
"DMA079","メディア市場79","2011 Q3",19,2011,3,39.788,21.86,7.41
"DMA079","メディア市場79","2011 Q4",20,2011,4,42.119,21.86,7.2
"DMA080","メディア市場80","2007 Q1",1,2007,1,39.296,10.38,6.1
"DMA080","メディア市場80","2007 Q2",2,2007,2,38.362,10.38,5.54
"DMA080","メディア市場80","2007 Q3",3,2007,3,38.081,10.38,5.97
"DMA080","メディア市場80","2007 Q4",4,2007,4,37.223,10.38,6.05
"DMA080","メディア市場80","2008 Q1",5,2008,1,38.053,10.38,6.33
"DMA080","メディア市場80","2008 Q2",6,2008,2,36.25,10.38,5.98
"DMA080","メディア市場80","2008 Q3",7,2008,3,38.89,10.38,6.33
"DMA080","メディア市場80","2008 Q4",8,2008,4,37.419,10.38,6.47
"DMA080","メディア市場80","2009 Q1",9,2009,1,37.076,10.38,5.67
"DMA080","メディア市場80","2009 Q2",10,2009,2,36.467,10.38,6.19
"DMA080","メディア市場80","2009 Q3",11,2009,3,35.618,10.38,7.06
"DMA080","メディア市場80","2009 Q4",12,2009,4,35.507,10.38,5.73
"DMA080","メディア市場80","2010 Q1",13,2010,1,35.447,10.38,6.04
"DMA080","メディア市場80","2010 Q2",14,2010,2,37.648,10.38,7.56
"DMA080","メディア市場80","2010 Q3",15,2010,3,35.179,10.38,5.87
"DMA080","メディア市場80","2010 Q4",16,2010,4,34.425,10.38,6.9
"DMA080","メディア市場80","2011 Q1",17,2011,1,35.658,10.38,6.5
"DMA080","メディア市場80","2011 Q2",18,2011,2,35.463,10.38,6.86
"DMA080","メディア市場80","2011 Q3",19,2011,3,35.477,10.38,7.15
"DMA080","メディア市場80","2011 Q4",20,2011,4,36.192,10.38,7.2
