"restaurant_id","rating_raw","revenue_index","revenue_pre","seats"
"R0001",3.81530819297768,113.416452661273,111.601830820494,41
"R0002",3.97289045411162,159.57753565624,110.226007099513,39
"R0003",3.78207312792074,110.423570698964,95.8027820973609,28
"R0004",3.83378092211206,123.351911307119,104.571208742077,30
"R0005",3.82667465880513,102.104816637912,107.93142940877,42
"R0006",3.6540675018914,84.7869111118909,99.1696869165625,30
"R0007",3.84729943214916,132.891626926359,106.117337904068,35
"R0008",3.64606153732166,103.253464559873,98.8894580982475,23
"R0009",3.58510376268532,97.4170201202549,96.3326498378869,44
"R0010",3.88847970438655,126.788724993948,94.7275478628447,41
"R0011",3.94089688151143,158.948868670689,123.69335619634,35
"R0012",3.96871264372021,150.178754473553,113.530563041677,41
"R0013",3.55014489754103,84.9687472343397,99.1887544387868,28
"R0014",3.84960977733135,128.708463887183,95.6766792729734,42
"R0015",3.8222423432162,119.815407772652,112.491497012327,33
"R0016",3.70274100266397,94.0178403958005,102.175969989844,50
"R0017",3.536692610709,96.7793973868913,88.2529266712407,36
"R0018",3.75453495664988,101.193753154563,111.12432094702,28
"R0019",3.53722938231658,109.722491435853,106.959320178947,45
"R0020",3.91629851819016,133.010329395129,104.64827871742,51
"R0021",3.97381576651242,158.307207286841,98.243388152698,43
"R0022",3.83751463354565,121.170325280899,106.67401862944,27
"R0023",3.74505701730959,88.7027611121931,116.610491401555,40
"R0024",3.68210154783446,118.362459457782,101.663212697733,42
"R0025",3.97955039865337,148.221034454001,116.439689533327,52
"R0026",3.57874005218036,86.731062696042,83.0677175940193,53
"R0027",3.79288871388417,114.196506098743,105.908760469114,38
"R0028",3.84397863945924,116.01510113096,107.601029022843,52
"R0029",3.60933103051502,90.7444147908754,100.326769855224,27
"R0030",3.58971576020122,96.4739238669729,100.435013037421,42
"R0031",3.66452487139031,95.0281478139283,85.4857350474672,36
"R0032",3.9949612331111,161.39779979051,124.11581279363,40
"R0033",3.93422156223096,158.804003307956,110.762928098149,54
"R0034",3.98181038710754,164.571201692077,120.249576228096,39
"R0035",3.72238295851275,106.395693964411,109.693906476693,35
"R0036",3.70150954648852,84.6369670208706,91.9727092643583,53
"R0037",3.87681434385013,126.78945435292,84.3814006934573,44
"R0038",3.95005388185382,149.345863050375,124.547721730084,44
"R0039",3.78345132851973,119.278577177756,97.7744397362084,41
"R0040",3.72472208633553,87.0407868063376,102.036630613238,44
"R0041",3.68764526234008,100.520853418012,103.935288766765,40
"R0042",3.66623255435843,82.6126667391678,100.643959979408,28
"R0043",3.50826378085185,87.3262035416906,89.3595989636918,37
"R0044",3.66236435365863,102.467090121949,89.8439204472404,36
"R0045",3.60407170502003,98.7055460357809,82.7619388299164,37
"R0046",3.907484142459,129.954423612277,119.808122671514,56
"R0047",3.96940235805232,163.281535569308,103.071842438168,45
"R0048",3.9685260457918,167.388459370483,94.3662110234979,29
"R0049",3.94586769351736,157.840779659827,104.011766915228,38
"R0050",3.82164407277014,119.863459537528,109.212913539364,47
"R0051",3.84055023069959,120.813152518872,92.7676058301603,52
"R0052",3.91077605099417,140.373800006366,91.2816610441595,43
"R0053",3.64336430071853,88.7169492808769,92.3502347794778,34
"R0054",3.56481188978069,99.4092842468878,98.8003245714323,43
"R0055",3.72833771863952,112.453403563541,99.1663403625505,37
"R0056",3.54793768294621,91.3294733609445,95.6064755941698,46
"R0057",3.61119739909191,82.9018448139119,85.5397291090013,33
"R0058",3.88551287748851,116.735445568975,123.366233169423,37
"R0059",3.68456156807952,90.4195115046313,98.5205613449288,42
"R0060",3.70216363924555,99.6692440701999,101.947478858369,36
"R0061",3.52279830223415,111.778336277646,104.333452005001,41
"R0062",3.73194975988008,79.4097700787017,107.149746321903,34
"R0063",3.51078414870426,92.8199417288945,105.212823381064,34
"R0064",3.81277477962431,95.8862138634694,102.496576560403,46
"R0065",3.9220633644145,148.527326022856,105.497087413196,37
"R0066",3.96688141173217,147.76359056608,122.09227162812,49
"R0067",3.97578327788506,163.475200708446,115.278179130006,43
"R0068",3.70498401741497,85.552177510871,99.5141438142424,45
"R0069",3.98800610122271,155.35552701926,111.353856075315,56
"R0070",3.64553012757096,92.845368420727,104.371407000277,29
"R0071",3.66672976512928,86.4854567295428,100.403161147512,30
"R0072",3.60296657786239,93.1459178592039,100.474902943863,35
"R0073",3.70830596855376,109.25405563442,85.3261776373662,20
"R0074",3.75532165321056,96.1923329250293,103.762425848088,38
"R0075",3.69030848145485,101.671796681019,97.0875855236848,40
"R0076",3.58693918690551,95.9688999332001,109.666215506696,51
"R0077",3.55819540296216,78.8465075627334,99.1176329779009,43
"R0078",3.998766355915,147.629076647635,104.213694620247,43
"R0079",3.82058210019022,108.497915132781,104.290004679525,33
"R0080",3.65637143654749,101.345617472079,94.4736673280814,33
"R0081",3.81830143555999,116.550720198896,111.443767891905,54
"R0082",3.61645192105789,87.0985523108298,102.486392587445,54
"R0083",3.6156142083928,101.037561224107,113.907363514991,32
"R0084",3.70948927849531,92.9723140189105,119.149431476147,46
"R0085",3.84808707644697,116.39793232613,112.753160815218,43
"R0086",3.78162064461503,101.034887126502,101.825811262855,62
"R0087",3.7302062313538,111.909128444447,110.287354482421,48
"R0088",3.79148887831252,108.663627811371,91.6789054392568,37
"R0089",3.66002084035426,99.2361999184745,101.190422113257,31
"R0090",3.84952371951658,132.427923219663,107.910899225835,45
"R0091",3.84455971978605,118.656077517894,116.586851699619,36
"R0092",3.8285006597871,118.747740860961,103.246566161392,46
"R0093",3.63807238521986,108.598255325712,107.288290877936,34
"R0094",3.95683699718211,157.773106034498,118.058490056366,42
"R0095",3.52330393984448,100.324026443456,100.352766083044,24
"R0096",3.84756327478681,122.76947981133,99.0052567863965,35
"R0097",3.52148648607545,94.130563253332,87.4939593311893,27
"R0098",3.53118143870961,91.3420176988348,97.5261324025007,23
"R0099",3.98891211324371,166.320159005204,115.775676957928,40
"R0100",3.70068510237616,100.146066224687,89.1218798314851,38
"R0101",3.67340301675722,117.075861313192,107.483574870866,27
"R0102",3.54179808974732,97.375185604544,80.680295777685,49
"R0103",3.69216380023863,95.8050352989792,85.4660558640135,40
"R0104",3.88635268236976,107.531709478884,115.309683417714,35
"R0105",3.77940110524651,117.46442474019,100.189892451491,33
"R0106",3.88278715265915,138.973865674464,117.739455220592,51
"R0107",3.64476542943157,79.3440308968742,97.7173635691486,49
"R0108",3.52748265571427,94.6265698121404,88.5305071851098,22
"R0109",3.58322408865206,98.7362224556881,111.594756582399,39
"R0110",3.84550238505471,113.709100393212,94.0541157437473,45
"R0111",3.80437346629333,112.26085416906,100.716565540642,44
"R0112",3.8285761885345,123.72495318387,105.254132797123,58
"R0113",3.50246613204945,99.8399305361526,96.1647504003684,29
"R0114",3.57087815343402,90.2394631080751,88.4637601592522,46
"R0115",3.8885350569617,127.086221872655,102.26288002251,26
"R0116",3.952932458953,165.353247788039,102.403737484894,54
"R0117",3.5078837928595,107.453264935622,89.6425523839656,39
"R0118",3.81558983190916,122.8199657763,107.506709215407,35
"R0119",3.78110281960107,104.338066370609,102.963816597266,44
"R0120",3.94069194188341,152.885428520561,106.07446529211,50
"R0121",3.76987077272497,127.887962720586,91.7131345811928,48
"R0122",3.81478809146211,99.1802723592059,89.9515222707063,35
"R0123",3.63955943414476,93.6344755075777,88.9675042897543,59
"R0124",3.63062573538627,84.0716691795081,76.1176801706707,30
"R0125",3.80277326330543,120.590541266883,93.8833105841734,48
"R0126",3.89768136013299,129.127204431945,122.997857742895,33
"R0127",3.52328073093668,90.923816713034,98.7918289285261,36
"R0128",3.83592818293255,112.40116953402,103.621176081094,42
"R0129",3.51536950026639,89.8108371772388,101.509999863092,35
"R0130",3.75538402155507,120.738494941054,93.1475889535952,36
"R0131",3.84955382614862,142.746106216795,113.638440620996,33
"R0132",3.93536551587749,136.990778566036,98.3330757712914,37
"R0133",3.59065733768512,91.3559145977343,76.7508783615463,47
"R0134",3.68133361358196,90.8573554008722,95.3000165902776,31
"R0135",3.51927574793808,94.1890755463884,91.2092403147159,48
"R0136",3.85935911536217,107.184964982997,90.8011992732924,28
"R0137",3.66288422618527,98.5840069841659,106.191356110162,35
"R0138",3.7509407417383,96.1905076388493,99.5131136386305,33
"R0139",3.87627377046738,113.842303810035,117.736518614848,42
"R0140",3.67741769226268,91.011142972906,108.100579305595,40
"R0141",3.64689184597228,94.0360510515482,98.2476537477646,39
"R0142",3.57219092349987,96.2397544041875,107.672141620919,32
"R0143",3.67758678726386,89.1776274420828,93.6835993779026,40
"R0144",3.67068925849162,115.198871009721,97.8837459256627,31
"R0145",3.99449229089078,168.997859115835,114.195002576753,35
"R0146",3.77540627715643,94.2043321893544,96.0446815641762,39
"R0147",3.7965106634656,97.5411208240464,110.447316590973,50
"R0148",3.68015614745673,98.8843143889874,102.310466808777,33
"R0149",3.51024612877518,94.0254361940183,85.5110427772567,49
"R0150",3.99426261044573,164.870632174044,109.863589415403,23
"R0151",3.98233031877317,148.923422212616,115.984560306814,44
"R0152",3.75693003588822,109.452796898128,89.2806884735987,39
"R0153",3.70028864440974,92.002445900014,89.6268226887623,55
"R0154",3.52745771757327,86.3796976987347,103.76356491416,24
"R0155",3.60344849538524,101.035096031275,98.6980142017619,40
"R0156",3.77074507973157,121.278901458226,96.5572486612304,41
"R0157",3.89813199953642,128.618740443732,82.8327683288359,32
"R0158",3.77538204542361,110.956427843921,92.0158615481435,32
"R0159",3.5384545797715,91.9871795563086,81.4191660607059,41
"R0160",3.97511981031857,157.239010449031,97.7250524224356,49
"R0161",3.82365993666463,119.901717644006,117.61402574522,32
"R0162",3.6378498445265,95.004809288311,101.224594944903,34
"R0163",3.82296836783644,113.84690114624,103.679751238872,50
"R0164",3.62905988947023,91.9327155878465,85.7994698625687,38
"R0165",3.97789496881887,154.490796799014,115.293204092837,42
"R0166",3.73316559707746,102.058852966129,89.6714499657726,44
"R0167",3.89550855336711,140.193975016124,94.8430453836668,40
"R0168",3.56995526596438,68.0553277744941,104.084275608782,35
"R0169",3.96094486827496,173.495037082269,117.377220054654,59
"R0170",3.59692927310243,99.3627944696076,89.3367972070669,49
"R0171",3.64813798235264,108.919999715843,87.9968028477265,45
"R0172",3.65229787421413,103.247081283852,108.365015595454,50
"R0173",3.83998293627519,116.581666158037,101.412737991843,28
"R0174",3.64345876907464,90.7201011649507,86.6334821973268,24
"R0175",3.51062773587182,102.751747164187,90.4764193369761,45
"R0176",3.90476858697366,137.353349205576,98.7139381409098,44
"R0177",3.61246570921503,89.7173512483482,104.447467327187,43
"R0178",3.79614979971666,86.5409252386616,84.1641097630162,36
"R0179",3.80794793332461,117.66121112739,89.5248300504997,43
"R0180",3.91355667158496,142.876389900849,119.972010947162,39
"R0181",3.58527792722452,96.0984374848485,92.3464683724967,49
"R0182",3.50277774676215,98.9211350079668,93.6181994228824,33
"R0183",3.58609291224275,102.01070832677,96.9762380119853,29
"R0184",3.6255347506376,98.0776673962846,104.173276727291,55
"R0185",3.80656904552598,95.5486474887692,100.618103968272,37
"R0186",3.82910549151711,119.311802479352,105.003203989849,38
"R0187",3.76655296655372,101.91704760381,105.891856122726,25
"R0188",3.7817947245203,104.874202005451,100.849414476137,39
"R0189",3.99492344260216,163.343949748046,102.297400062189,48
"R0190",3.50292155623902,96.1605830406267,87.6629068028195,26
"R0191",3.52618403523229,93.1962748235351,88.904777863406,46
"R0192",3.84099393209908,118.187309555166,106.013135254868,43
"R0193",3.77937061991543,92.5013050271444,106.662384738385,40
"R0194",3.6004613089608,89.4831782652297,84.9210423713849,54
"R0195",3.89803577796556,136.982155887129,101.142155683294,50
"R0196",3.82735070236959,110.958081871642,104.646357755145,36
"R0197",3.91743189794943,127.621252382988,107.91059280396,47
"R0198",3.77931692590937,112.079880741091,106.420435515474,32
"R0199",3.96081327344291,147.677537992396,107.872099958952,35
"R0200",3.73451306880452,107.948881863156,102.675670106952,32
"R0201",3.93930120614823,154.538086244365,99.2061443888868,41
"R0202",3.79352047515567,122.146972694157,101.156636570006,28
"R0203",3.64988086454105,86.798332071407,96.0455596249986,33
"R0204",3.53922450833488,114.97322694626,106.923234429622,55
"R0205",3.63546097895596,88.5913250670056,90.5995226382621,36
"R0206",3.91269083996303,132.02824510186,113.865850296342,45
"R0207",3.75082983938046,108.780233368751,112.17652111739,38
"R0208",3.85920278576668,111.278571368521,122.352259569216,37
"R0209",3.94388849462848,144.395312883665,98.749517440296,49
"R0210",3.89490001508966,135.708458175072,115.075663721556,37
"R0211",3.59970027999952,88.7284824983443,70.7760812122312,27
"R0212",3.94350961025339,146.396600685344,103.376988456452,62
"R0213",3.64059169357643,109.558712644955,88.9136873657486,24
"R0214",3.7688548049191,103.573112480174,109.12632065401,42
"R0215",3.655606891145,101.803184246685,102.894843623309,30
"R0216",3.62012643530034,76.8634578999117,87.0429043068841,41
"R0217",3.59696712717414,89.8784479486316,101.902136339519,29
"R0218",3.74492033733986,97.0786828699724,110.612384490096,46
"R0219",3.61676121153869,88.8787560314673,110.37537414728,48
"R0220",3.53330562019255,108.690653696672,92.7287150753981,35
"R0221",3.51067217334639,98.5424797281766,90.6011888047681,39
"R0222",3.60245453997049,101.714893209029,100.547711609639,38
"R0223",3.71000359859318,93.1464603846725,103.406984217454,50
"R0224",3.97009256551974,158.639195701959,119.842474938468,50
"R0225",3.7820112654008,101.417451279063,101.394055247852,32
"R0226",3.98728996445425,162.214559971147,103.115114864371,34
"R0227",3.52007061289623,91.8313203017595,92.0338397431864,33
"R0228",3.83550286304671,111.711790247412,83.352676170477,34
"R0229",3.69428471196443,90.0515215748655,88.9298343833184,39
"R0230",3.85521192278247,127.966909929925,99.1720836517416,33
"R0231",3.5802639949834,97.6663555004119,90.5172960436032,26
"R0232",3.57733090536203,88.316765061508,86.7168844745728,32
"R0233",3.56451027421281,94.4264943949511,109.886685320573,45
"R0234",3.90841446514241,141.175254406477,108.502675269414,48
"R0235",3.77286260912661,108.946158025966,88.9396025582322,44
"R0236",3.78788816416636,100.429571795874,99.0964550293606,29
"R0237",3.92522753542289,152.887997817217,95.5366202528124,44
"R0238",3.70717771328054,105.291685896589,90.9158948718287,41
"R0239",3.92975038324948,134.617324701636,96.1788470803963,54
"R0240",3.54319386801217,100.760631122516,97.0009941479883,61
"R0241",3.73596894438379,96.2907933713701,86.2277462487052,46
"R0242",3.68681552796625,104.879050272455,90.9098185620354,31
"R0243",3.51128472120035,106.825517655091,92.785102204572,35
"R0244",3.77317183359992,112.288899975125,101.938225770795,35
"R0245",3.71751532994676,101.285542046431,109.9362914715,38
"R0246",3.98931561375502,142.257778554432,100.59008534849,49
"R0247",3.85835689422674,122.209433611157,113.27037349898,56
"R0248",3.6006540391827,109.638059563934,93.4176496402301,36
"R0249",3.74133133888245,99.1590538520419,115.235147405062,34
"R0250",3.94135899783578,147.206240709713,112.989792692581,36
"R0251",3.83000734820962,108.286680922388,116.856229817083,50
"R0252",3.53755913150962,87.7162129601602,94.3645725254886,40
"R0253",3.96274711331353,150.283243983159,104.858298962645,41
"R0254",3.58668305701576,97.2381206483411,90.9116846392918,29
"R0255",3.67910339590162,87.1028834507612,89.2759261414563,38
"R0256",3.85988724417984,113.754507843983,113.056999417574,50
"R0257",3.81755736900959,116.067999252319,114.217308805751,43
"R0258",3.6265579968458,96.1840240711838,101.459618646126,35
"R0259",3.77920634986367,110.860348553207,111.045672033788,35
"R0260",3.84643976262305,121.447065739931,100.602346806283,45
"R0261",3.72330070089083,107.395889262959,103.064571342464,46
"R0262",3.90295278979465,134.749635385374,101.951689955215,51
"R0263",3.82951128354762,128.776823795345,109.158447739295,46
"R0264",3.97404054587241,132.623157382726,119.868404937569,30
"R0265",3.77454521099571,123.111302816396,111.237833956916,39
"R0266",3.99544292502105,160.601171300082,115.609337391328,66
"R0267",3.64477647037711,93.3049132037337,89.7233080643678,30
"R0268",3.91186814696994,140.870690470438,105.972174884495,43
"R0269",3.59085001831409,110.223500290989,95.5460359161038,49
"R0270",3.9419911459554,143.736972388714,106.416828959243,48
"R0271",3.77595986670349,103.00721644867,104.937044653069,51
"R0272",3.80086584878154,106.125617697972,90.8823039246887,41
"R0273",3.96451173070818,157.995078213585,107.018864554123,36
"R0274",3.95000860211439,149.345743387893,112.151314848867,31
"R0275",3.52497007208876,103.351154072527,83.8636422977203,41
"R0276",3.6384091792861,91.5774938237296,98.1308245942965,39
"R0277",3.92079093400389,133.587920733648,97.7117725241797,39
"R0278",3.90984108357225,135.895113250012,111.750045967785,44
"R0279",3.89963302074466,131.401889177424,120.877035157726,39
"R0280",3.86904812068678,116.926650533824,94.2390694922963,45
"R0281",3.5030264853267,94.2887494202379,88.9510839903471,16
"R0282",3.88688474812079,112.412076717188,107.932389386426,42
"R0283",3.52616993803531,95.0019390059893,99.5893699105217,43
"R0284",3.8923849206185,129.633013759323,115.141893116466,55
"R0285",3.56452316697687,76.6417816584112,99.7898948632826,34
"R0286",3.93899995274842,139.853241820224,105.420978487046,46
"R0287",3.61399526707828,87.551180803822,80.9308020724656,52
"R0288",3.5937606751686,90.093769830249,109.685219904164,47
"R0289",3.75567514658906,111.017021819722,104.102292493629,27
"R0290",3.85220906604081,132.629732568191,111.338038157808,41
"R0291",3.64427470043302,101.411729456763,91.6780681412926,31
"R0292",3.71349020628259,106.933674781114,95.1847380995741,42
"R0293",3.77604089793749,113.893241130001,102.466253595261,37
"R0294",3.52822365367319,102.066694756735,95.8840848786577,27
"R0295",3.94471255887765,143.902981326512,92.7437223160543,31
"R0296",3.89109169470612,132.454219066731,94.6966647542013,43
"R0297",3.99329346348532,161.418350710636,100.225339784543,51
"R0298",3.83277094888035,102.044855981956,107.571183980109,35
"R0299",3.6181495442288,91.1591730393494,109.730845785939,42
"R0300",3.65763312473428,88.2690453078737,85.9376245747317,41
"R0301",3.99840309307911,149.765218630945,127.662620130026,38
"R0302",3.801214966923,121.111466947097,102.440258342417,39
"R0303",3.88604121282697,139.53864177828,100.929172831386,45
"R0304",3.98440725647379,169.765434355906,111.540471062741,41
"R0305",3.97001694585197,150.814903375922,119.416517812105,49
"R0306",3.90986273565795,121.426315430832,105.845491099435,46
"R0307",3.69310931547079,99.5172738858132,106.65090828112,30
"R0308",3.61725112609565,91.2329108874721,105.048889701692,49
"R0309",3.64253186655696,104.147415665012,96.2786289085531,32
"R0310",3.53323408367578,95.8167621201388,102.612924121295,45
"R0311",3.84074850694742,111.056053181708,97.5163998593106,37
"R0312",3.81616666866466,102.115380073448,99.5656955253502,39
"R0313",3.50844210176729,82.446744306114,105.322031633888,35
"R0314",3.73667430807836,103.532736513313,91.4029151459274,40
"R0315",3.85629368340597,125.88905076381,94.1027672274589,58
"R0316",3.73908052116167,97.8791059094375,104.530587265741,38
"R0317",3.52357721072622,97.3547376797043,88.7478614383561,32
"R0318",3.6868768366985,89.8290379932025,104.985583592771,38
"R0319",3.99048708134796,160.018259257586,109.060555207334,45
"R0320",3.82568295847159,114.580405406181,96.9480591467179,46
"R0321",3.66172341466881,83.1862482206805,93.2650014823234,42
"R0322",3.92432173737325,138.135263111483,96.6321348453447,48
"R0323",3.67395591270179,93.7178013075936,88.5241414346801,35
"R0324",3.87708625849336,133.429974905093,108.990086742437,47
"R0325",3.5207720118342,111.488813700417,103.383104098972,27
"R0326",3.95575806556735,145.845717485364,105.349575677122,37
"R0327",3.66742987104226,108.525938603611,94.2762540558942,41
"R0328",3.52823316375725,91.1314200577772,88.5516872928809,33
"R0329",3.7225934084272,110.957118757173,104.838799417667,38
"R0330",3.78960340411868,104.646919486028,113.712077375624,46
"R0331",3.64696458447725,97.5324808820571,112.601667673212,34
"R0332",3.82416349288542,99.4172697460318,105.361170849927,47
"R0333",3.52517027058639,107.379429374114,98.0639289496185,32
"R0334",3.54589864809532,86.0461618602727,96.4578037160503,22
"R0335",3.61983991193119,96.4066440540495,102.879904908472,44
"R0336",3.70987954398151,85.8330206241075,103.490619644622,41
"R0337",3.56621427705977,91.1157463250867,101.772300940528,35
"R0338",3.87407642416656,140.804608951966,112.236686315188,52
"R0339",3.72687859274447,103.478941696005,109.169806743383,45
"R0340",3.58665515901521,91.414559378792,91.9612853418723,39
"R0341",3.93839836481493,153.857703263949,108.239174730796,49
"R0342",3.85901997319888,134.899737452899,117.195173575194,41
"R0343",3.68012207455467,112.763719874035,99.7833557832112,56
"R0344",3.98986833589152,153.228005690671,123.078677981101,29
"R0345",3.54540831921622,90.3538090463084,92.676920458541,33
"R0346",3.85212121496443,127.079171061165,105.573951424935,53
"R0347",3.63246041967068,97.1636323433881,79.9581237769516,31
"R0348",3.82520013197791,102.992957937733,104.778787474334,38
"R0349",3.61338687618263,98.9712884220036,96.572295086455,28
"R0350",3.99924378818832,170.462603658861,111.284062093107,55
"R0351",3.50118045555428,81.2747942151265,87.6409589434455,52
"R0352",3.77457391074859,112.197976875447,107.726627197215,45
"R0353",3.7889385354938,110.319356085701,100.921746581464,57
"R0354",3.59581419453025,103.910869629949,94.9181738710775,33
"R0355",3.66211396805011,99.25521569475,98.6517001605992,41
"R0356",3.89739263569936,130.227912077564,85.7202210014899,32
"R0357",3.86488550622016,125.06927332533,115.141973046073,53
"R0358",3.71780663577374,94.3046967585295,91.7906863593926,43
"R0359",3.9223458255874,127.085732658938,113.826209642893,51
"R0360",3.87430887029041,133.332595135141,94.7244152642821,42
"R0361",3.59692248911597,114.25938174207,102.954534830699,40
"R0362",3.95692677760962,141.461359965814,112.292105842964,39
"R0363",3.69427980447654,103.166126362345,105.861661256026,41
"R0364",3.60474454215728,84.0359890719527,81.0907549170866,35
"R0365",3.89372513827402,131.43970653228,125.294542456112,37
"R0366",3.55025771493092,92.5562043750551,85.3881521743444,26
"R0367",3.55447680188809,77.4968095436475,97.3839405514856,40
"R0368",3.52500308118761,84.6222008743247,91.0703037516741,44
"R0369",3.88650439062621,127.318805978368,113.981690821587,32
"R0370",3.63044661155436,106.374419574231,91.9284497374291,44
"R0371",3.76853570004459,105.539652355622,105.779077847456,47
"R0372",3.66511051228736,95.5143038415058,109.094178793253,35
"R0373",3.95378265308682,151.477204203332,107.908183597088,59
"R0374",3.69299456395674,88.0376877079581,70.2861411180812,35
"R0375",3.7124322099844,97.2479624422359,123.123258968163,47
"R0376",3.56466129107866,115.014772485191,103.617368079769,36
"R0377",3.76978964731097,112.992857288604,102.442575036602,52
"R0378",3.59687628201209,105.388868854925,100.596717514548,50
"R0379",3.90555323730223,126.290274820522,101.237133037707,24
"R0380",3.81866796768736,120.497823480071,88.5807943022263,59
"R0381",3.53544972231612,101.112548383312,95.2603985177526,37
"R0382",3.67420363251586,92.8721874790448,103.563024871048,30
"R0383",3.93427001719829,147.332238305562,108.13744966513,36
"R0384",3.65791025629733,92.5700427460888,93.6308942732541,42
"R0385",3.74494533706456,88.8685412109903,109.406891886829,41
"R0386",3.66511991503648,81.1027993637593,95.4845228142838,28
"R0387",3.76405622786842,118.338508040712,89.2887917716593,61
"R0388",3.90537735400721,133.658832820805,97.5036525358618,36
"R0389",3.66629984229803,92.9014606418987,86.4870348166952,54
"R0390",3.72839288425166,100.037127385708,85.947137727299,47
"R0391",3.70966804516502,97.7232927905624,100.09005345467,42
"R0392",3.72400793246925,109.519487644629,96.9049226537778,38
"R0393",3.61309140676167,100.372927513346,89.6359100309847,37
"R0394",3.69475879997481,105.751737343446,91.9084880514276,38
"R0395",3.9853611435974,150.298280350908,116.381545118482,55
"R0396",3.54799206880853,80.2464291622666,91.8045110227896,44
"R0397",3.74187935551163,113.852569089699,85.0233592100686,32
"R0398",3.65273885149509,78.2563477132979,87.2402814471657,50
"R0399",3.80629828746896,106.298371829645,108.705574270825,43
"R0400",3.98722288769204,149.245232934099,107.864386848708,26
"R0401",3.91075907519553,135.140018418652,121.143138537055,33
"R0402",3.63807230710518,98.4987713214598,109.91795369131,43
"R0403",3.55253327370156,96.0631363746978,88.7770746321219,34
"R0404",3.92851700610481,145.764972499905,82.8470097519203,54
"R0405",3.87350215157494,105.911666807785,116.295229665978,40
"R0406",3.79597530758474,120.294552887012,101.340482084979,44
"R0407",3.93639212672133,144.98313151789,101.996802177352,35
"R0408",3.79626036342233,124.551271008699,94.9891621544199,37
"R0409",3.80607053055428,106.058910920368,116.518437807112,41
"R0410",3.87088377564214,120.508671635488,104.568568980068,37
"R0411",3.87957507907413,120.738544194486,109.050682420634,40
"R0412",3.81138818338513,114.819616408258,98.5283456830746,24
"R0413",3.61991649726406,85.2945587704924,99.9056182799555,39
"R0414",3.802325192024,102.099168593116,116.031338603432,43
"R0415",3.94075008330401,143.969413801438,107.44286179834,44
"R0416",3.90093471377622,122.436123153161,120.889854830007,54
"R0417",3.97360573289916,144.225897919138,97.0991450442489,44
"R0418",3.64864838635549,92.750323275643,91.5634252757461,36
"R0419",3.70254931994714,100.796052076372,100.353652386839,53
"R0420",3.79765213362407,116.969984547166,90.4728750638031,54
"R0421",3.67989025474526,84.015275694215,92.681203648919,25
"R0422",3.83845106698573,120.344029720271,111.986779045111,51
"R0423",3.70243509788997,89.8074674395322,104.578367874525,44
"R0424",3.94662371126469,133.515368979007,101.221965845327,53
"R0425",3.99180929234717,170.29206662838,125.886568467018,49
"R0426",3.80377844139002,127.991497445518,106.48330825508,47
"R0427",3.68093566899188,87.4532538540905,92.2022812782923,44
"R0428",3.82548672461417,122.434710321936,113.036650841407,27
"R0429",3.63728358317167,92.58303172048,90.7497997097508,37
"R0430",3.88112942234147,130.459603292289,95.2762042395732,36
"R0431",3.68489951395895,119.209323885911,98.1648037992652,51
"R0432",3.77748263080139,111.042010000016,90.9048791114501,45
"R0433",3.92893189308234,141.624312051668,109.062731329816,45
"R0434",3.77627277944703,94.811860317298,107.49228526344,34
"R0435",3.82906676107086,119.76687719933,111.162336127348,38
"R0436",3.69866894884035,99.1071040243147,88.7489523294077,38
"R0437",3.70546008588281,104.104390234906,95.5293595004829,42
"R0438",3.61865862866398,93.8228886457332,108.343136469643,37
"R0439",3.5891285588732,75.8299696109632,97.7654999400274,32
"R0440",3.74472514609806,98.5592802655602,100.00465122616,38
"R0441",3.66924119193573,100.735128413307,110.49801098672,21
"R0442",3.60134965111502,95.2274005593051,93.8313562183683,35
"R0443",3.90692766848952,131.555837832227,97.6277762434458,44
"R0444",3.82979613903444,127.854643319738,91.1252404925223,50
"R0445",3.92462918395177,126.88871212208,110.171005723313,47
"R0446",3.96515493886545,153.311224138999,108.600613593609,35
"R0447",3.91564250562806,121.798220267155,112.300429413315,41
"R0448",3.5837836418068,93.1845786567361,91.1745861553115,33
"R0449",3.73269705416169,106.174302023738,84.3827373152534,49
"R0450",3.84523296984844,120.347658598654,101.100586738837,55
"R0451",3.94383767910767,147.914738731047,100.954108755933,39
"R0452",3.64755411306396,96.7340749158867,97.9094274611265,51
"R0453",3.70442435517907,97.8729631878052,105.66681169242,31
"R0454",3.94546796835493,138.057301909855,117.476425660711,47
"R0455",3.9204099358758,150.783108803151,103.292363477147,48
"R0456",3.97388327447698,177.541915569754,101.654135217935,47
"R0457",3.71773093414959,92.7303753627995,102.378385669881,50
"R0458",3.77203775336966,113.133727459092,96.1437122731956,46
"R0459",3.68292140495032,105.388121038961,90.9770668997014,34
"R0460",3.95840377989225,158.37151990414,100.436934919397,39
"R0461",3.95442076539621,148.509126063287,112.830115618209,30
"R0462",3.84737078670878,114.018485683544,102.889345940555,43
"R0463",3.68698491470423,95.6631052462788,95.3646387176583,38
"R0464",3.63198533491232,100.952761806781,96.6688973263851,48
"R0465",3.93818638776429,140.6974241778,108.705830973648,41
"R0466",3.72115759272128,87.9503795962303,89.4851494949945,39
"R0467",3.66431797412224,105.775265140035,107.581082243437,30
"R0468",3.93836649588775,138.546425377889,101.249125471988,31
"R0469",3.58294602471869,93.4722962568418,100.018827715643,40
"R0470",3.81601294374559,119.346518344672,100.661070489006,42
"R0471",3.74602030287497,107.630229062284,105.151143526219,32
"R0472",3.67253987782169,94.1530412913076,90.808962978103,31
"R0473",3.86664525733795,134.20835882595,103.227985770242,28
"R0474",3.64917032222729,95.7808331838568,88.4907451983397,35
"R0475",3.76533632201608,105.73821798361,94.9356935739305,35
"R0476",3.65880448650569,86.5756269524975,94.1833108062145,46
"R0477",3.52469570352696,93.0201933853293,98.398295618027,45
"R0478",3.79256554355379,119.015928634969,89.5541554592346,39
"R0479",3.56325569667388,101.248391391483,98.2911226271337,50
"R0480",3.57051589491311,110.186973477438,70.4818581636248,45
"R0481",3.97109296394046,155.106879242682,118.944218644915,44
"R0482",3.56534992100205,92.0469832531448,91.2610333219842,50
"R0483",3.57850148295984,88.4959335941164,103.688383274984,34
"R0484",3.88285479787737,120.124885103739,114.890563096824,25
"R0485",3.61104901100043,94.5451424653487,94.2973010259183,42
"R0486",3.91029136755969,119.409936026817,102.592544448895,29
"R0487",3.87684273149353,113.789458341261,99.8030496989211,43
"R0488",3.5378778972663,102.043514178762,89.6179877091842,45
"R0489",3.61931869876571,82.4900514990717,101.112824882989,29
"R0490",3.75548139447346,101.32513382126,107.101652185096,50
"R0491",3.6640123402467,100.770021884856,113.10212357754,26
"R0492",3.99953709018882,162.337239111678,109.06279737106,36
"R0493",3.95532231021207,132.5964107187,96.1043935011661,44
"R0494",3.91423920576926,132.793344443581,99.9469567421938,37
"R0495",3.71629582322203,96.7442284110189,107.415552147388,50
"R0496",3.62700880086049,78.22860758571,101.591519086288,38
"R0497",3.61095191410277,104.102286941963,98.6906259328776,53
"R0498",3.71618356159888,109.204052078631,110.645941511627,32
"R0499",3.96915958612226,166.147626101574,110.475449386885,48
"R0500",3.88235373131465,117.683178372292,98.8134256965929,39
"R0501",3.8855304174358,124.631431127286,91.4026351282916,47
"R0502",3.60351362382062,105.681968901205,91.7171575146767,43
"R0503",3.57723209389951,104.224595617399,78.8014405312005,25
"R0504",3.5017688840162,80.144031117474,100.184545974471,39
"R0505",3.66115588985849,106.251138821206,102.414207681116,38
"R0506",3.68576961685903,90.00293447906,93.6403129684734,40
"R0507",3.66707316646352,98.83681035784,88.1768337037766,31
"R0508",3.98990598763339,160.381736232356,109.090748587936,40
"R0509",3.60893709899392,110.070840752105,72.9326065842839,45
"R0510",3.88203549163882,129.091566859471,105.576499853331,36
"R0511",3.68766347737983,114.255722811491,97.9199471296643,51
"R0512",3.9958762639435,164.115595922031,105.167553573363,33
"R0513",3.61082569765858,93.9380727454695,89.5496076230219,49
"R0514",3.5104168173857,104.252225224609,96.0365369028229,29
"R0515",3.50033236143645,82.0356303731779,86.9356731708467,28
"R0516",3.8371839892352,118.692639046847,97.7282713008552,42
"R0517",3.50158681767061,97.7945639547778,98.7817390568607,26
"R0518",3.72068596724421,95.9391349270845,93.3184054659177,36
"R0519",3.9023315818049,129.619379577333,107.558772475288,35
"R0520",3.63442627654877,109.692559999429,75.8147032244352,42
"R0521",3.83080408594105,113.144114549357,101.657128503408,31
"R0522",3.69729757297318,88.2654398446918,105.777661309457,36
"R0523",3.52239382523112,101.368001797065,85.0337079870544,36
"R0524",3.54436712223105,100.445146723271,77.5161259125352,39
"R0525",3.9474206751911,143.607034697737,102.665507075733,46
"R0526",3.97129731310997,148.348823186515,126.281387288633,52
"R0527",3.97588833176997,165.060228523736,113.575247558877,41
"R0528",3.60915839951485,93.5652690518891,99.9463004474366,41
"R0529",3.98152518353891,165.912457391018,135.077599576371,52
"R0530",3.79547195567284,96.1419362970909,111.695196006529,39
"R0531",3.62311499996576,96.7453438202874,94.2670393850172,35
"R0532",3.98362766520586,163.823541021542,102.521566310824,49
"R0533",3.91674762603361,130.465906877889,111.27842541993,53
"R0534",3.69915426976513,86.6180675538623,104.025233748024,38
"R0535",3.76489651785232,104.198594315424,96.3416134471381,25
"R0536",3.64741868991405,104.327225044905,87.621906504692,29
"R0537",3.62648784089833,102.568592579548,99.2415708525913,53
"R0538",3.50674641691148,86.7646675861678,90.4634079865952,47
"R0539",3.97500172443688,148.165361885361,105.632665807984,25
"R0540",3.5538807020057,108.540172947811,66.5414725481735,46
"R0541",3.97901056415867,152.765590093036,114.961148441135,38
"R0542",3.58247788611334,85.3011231899699,103.249076309754,47
"R0543",3.54900936037302,90.9040009176067,107.005314020165,34
"R0544",3.63616357673891,90.0008834406506,86.3149214976989,39
"R0545",3.96660679194611,148.82099752634,109.545801440038,41
"R0546",3.61408751667477,98.1820674923034,94.4829338721721,44
"R0547",3.52852832886856,89.3466124342943,112.259289492508,39
"R0548",3.6639595561428,80.5865864004364,93.1445280801078,55
"R0549",3.60323312599212,91.6619743951203,97.2079333632981,31
"R0550",3.96847772446927,162.839692540595,130.538559963175,54
"R0551",3.64687446132302,86.1084081322216,101.882997615878,23
"R0552",3.71568599436432,110.031289543347,99.6778144056627,46
"R0553",3.60988060268573,74.5818180909165,96.2026701945822,28
"R0554",3.53300365968607,95.9419127329258,105.717086425122,23
"R0555",3.55792683106847,93.7960870851029,88.7662264499559,35
"R0556",3.90663968364242,120.18309488057,102.826968191088,35
"R0557",3.63976513245143,106.910149026145,96.762469524015,38
"R0558",3.76428687002044,107.733631646394,106.917838956667,32
"R0559",3.93583528848831,130.152848002233,110.09183441326,48
"R0560",3.98536792304367,148.499065697917,106.293261825393,44
"R0561",3.56263386260252,97.3506814174472,90.0726510132287,30
"R0562",3.67882033670321,102.346149687233,90.5830420276739,33
"R0563",3.70787755865604,90.809150184579,104.447187051033,38
"R0564",3.7843733439222,116.50787823125,105.279774546061,39
"R0565",3.92950423748698,143.093865405464,105.974376335117,34
"R0566",3.97185053839348,149.488497863082,109.490599022893,41
"R0567",3.68516459909733,100.868221336569,91.7575657874922,36
"R0568",3.74258021591231,99.4358898792529,104.283516500932,28
"R0569",3.63974349177442,87.2076839225624,99.6480237703459,49
"R0570",3.67612660711166,97.8468370367223,83.6987363984161,32
"R0571",3.67110448831227,91.9197406098501,76.4321391163336,34
"R0572",3.88460677338298,126.980119588353,124.732973388879,34
"R0573",3.81168178399093,121.787874384375,99.1722345700331,44
"R0574",3.77924548787996,110.71249516182,93.2518044001968,43
"R0575",3.77274136233609,109.227348457844,113.188563965103,42
"R0576",3.8528666284401,116.082836706386,111.935423357838,51
"R0577",3.76668251689989,104.538834994742,93.2812220710256,38
"R0578",3.85952366783749,120.218035717517,118.450037089806,46
"R0579",3.62626426981296,100.947720184914,99.3376774832328,23
"R0580",3.64641675481107,97.0636898509526,88.101330940236,39
"R0581",3.56033685465809,85.8782140456675,106.980481334306,51
"R0582",3.9650958039565,117.153905639909,101.747527706564,48
"R0583",3.79050528421067,106.436503499521,120.546674155513,35
"R0584",3.8636084520258,101.656500209485,108.066855644592,37
"R0585",3.53640273900237,110.534508993816,84.2364134312573,38
"R0586",3.7527914022794,103.541876088766,97.0466943641223,43
"R0587",3.92620122095104,133.344271244191,106.991434500539,48
"R0588",3.82991558872163,119.655745066812,109.721944060413,42
"R0589",3.91711015265901,136.560834000506,115.077684610422,47
"R0590",3.50426294072531,84.4700723846459,106.058733315494,37
"R0591",3.75478255387861,104.796310777276,93.7959240671328,29
"R0592",3.79436735319905,112.337358367013,99.0391714132811,44
"R0593",3.90524180838838,134.315251161767,119.973535674457,31
"R0594",3.74530414305627,98.5434586735621,86.6192239314631,35
"R0595",3.90995696245227,113.796868100105,110.5709333517,47
"R0596",3.77412866021041,105.240894733425,106.687478667477,28
"R0597",3.68424932833295,86.2956889650443,94.4756597881779,50
"R0598",3.7065209686989,102.456342512761,94.9185255260008,49
"R0599",3.52679974434432,99.1348947228707,91.6728551283377,32
"R0600",3.63083601964172,85.6453845288155,106.09257570773,47
"R0601",3.97327987733297,148.087684766755,128.048829817807,59
"R0602",3.72390011907555,93.8356013597958,102.414724440582,48
"R0603",3.60961345478427,88.136077710507,105.109878353862,44
"R0604",3.75629515573382,103.209802092694,95.7513930792971,37
"R0605",3.83072294574231,111.750016934928,95.3239053352576,48
"R0606",3.82359732978512,115.361925280685,106.026200957471,48
"R0607",3.52062701538671,80.6450749645265,119.890497871,42
"R0608",3.86652138992213,121.665549000945,104.298692185567,38
"R0609",3.84521781548392,122.249768807355,104.068150014201,39
"R0610",3.54288661852479,78.5702009028814,90.8091475404467,28
"R0611",3.98877377540339,161.108239091855,113.798312135433,36
"R0612",3.78779284493066,117.638001461904,99.5635757638017,29
"R0613",3.87849250610452,115.779954563984,105.131190910388,35
"R0614",3.82954507169779,113.416432890392,87.9333259792698,43
"R0615",3.93313596129883,131.285703555542,117.225181273138,45
"R0616",3.70266320381779,90.119865432957,103.293535853585,25
"R0617",3.84558316098992,115.333687250809,99.8451651098152,51
"R0618",3.71814201830421,93.5794736265869,91.9874128118205,30
"R0619",3.82596978952643,129.734282765982,89.5383518916233,32
"R0620",3.5413903380977,105.545592460955,78.2630451581512,31
"R0621",3.90475091291592,136.45374038232,111.43641745343,38
"R0622",3.93492884072475,128.883698062169,92.7617379510018,37
"R0623",3.57220074685756,114.244530610921,79.4020874533946,40
"R0624",3.90848478209227,131.272991978036,114.321370743123,45
"R0625",3.9756051688455,145.244909484986,102.212272345751,42
"R0626",3.92553924163803,115.056412085546,104.235851071902,43
"R0627",3.57371827284805,90.6629305758426,111.052806854038,21
"R0628",3.95472497981973,162.336564686605,101.660899947857,45
"R0629",3.84373952751048,128.031064222613,101.059853174862,29
"R0630",3.51146440242883,106.784744348723,95.5617480096625,43
"R0631",3.62103597808164,107.973982825234,89.1067355350874,35
"R0632",3.72891064092983,97.2809874759528,92.4184931627355,44
"R0633",3.60360229760408,101.604736315118,96.0247297232889,40
"R0634",3.78558104275726,113.640390877757,91.1280285417335,41
"R0635",3.95318960060831,146.117569985353,106.47106193678,40
"R0636",3.70979626604822,94.5327231026722,110.64946231121,48
"R0637",3.50863709067926,94.5421289429202,94.7013247561008,23
"R0638",3.79432280780748,118.405588800213,114.691681030086,31
"R0639",3.91277534584515,144.170153002493,114.124340987743,46
"R0640",3.54115555936005,83.1305317344852,83.9950090396498,40
"R0641",3.73320944723673,90.3625930211045,97.4801410762231,40
"R0642",3.55873710173182,101.16815675297,90.6270611320715,33
"R0643",3.59984058199916,103.684481821299,96.0411785750809,40
"R0644",3.91362409538124,136.353403377984,87.3172625787924,23
"R0645",3.53313366032671,111.478512233996,89.0114792238271,44
"R0646",3.87228004029021,114.48417787573,106.730454473669,34
"R0647",3.73675055766944,90.3360026728192,99.8165712579489,35
"R0648",3.83427683846094,127.573443334302,97.9185855386127,50
"R0649",3.9223044620594,146.599840205243,111.443286506759,44
"R0650",3.70438251574524,102.694213063198,104.399359123636,30
"R0651",3.71323068335187,99.0074055717644,101.293191249818,30
"R0652",3.53892690152861,92.8272723557798,86.3812786839132,42
"R0653",3.53841611125972,93.5860754606538,101.983843323272,51
"R0654",3.61795305961277,110.689921260545,96.6116840842696,30
"R0655",3.96899601572659,148.802375691383,109.106836490945,52
"R0656",3.7162790352013,95.8131913850665,102.96856143288,51
"R0657",3.84333471313585,123.870761884963,116.535664041348,50
"R0658",3.8490188253345,130.873288879346,104.156325351095,42
"R0659",3.81330537272152,108.83037979742,106.499378082734,47
"R0660",3.81022089417093,122.326500765977,97.1512177343058,38
"R0661",3.88521793833934,134.233930600769,117.864255997471,51
"R0662",3.53970220859628,92.2235590319071,84.6305987438373,45
"R0663",3.66809152136557,100.637685053172,87.5753398175616,32
"R0664",3.67961574543733,96.8692098763891,92.6463969651553,40
"R0665",3.87141138338484,117.955852084334,105.181931485848,45
"R0666",3.72654290660284,105.015561500434,112.297216655517,17
"R0667",3.9279291232815,130.57918501713,105.332746762331,43
"R0668",3.85364387696609,128.665876114671,100.16434363297,44
"R0669",3.93530884641223,140.205851749133,116.184030385965,32
"R0670",3.62300514837261,100.01583145943,96.4445531848547,44
"R0671",3.81280309625436,126.467455850843,121.638831489809,39
"R0672",3.94573616422713,150.16397730106,104.597942033013,45
"R0673",3.67156956286635,92.3979837910148,86.1346211483037,46
"R0674",3.82686270971317,118.108411607647,91.3154575801319,47
"R0675",3.79713190253824,111.710337569647,103.820394662417,38
"R0676",3.73724948882591,97.1140084087364,100.141530877819,41
"R0677",3.70665669476148,97.7778740168182,93.8078441621117,43
"R0678",3.91159344359767,138.523572694157,100.65463390293,42
"R0679",3.93286245258059,134.801158851301,106.332568962631,49
"R0680",3.76188247953542,103.465566018242,116.85077875351,39
"R0681",3.812321741716,115.389327917709,125.971583929475,52
"R0682",3.9476711624302,153.486560926217,126.859878452479,38
"R0683",3.8119093303103,123.177099689511,103.71664949877,49
"R0684",3.74190735863522,101.388522125125,99.2527112466756,39
"R0685",3.93128910043743,138.943443806163,109.810090770071,36
"R0686",3.95469372777734,139.581931121281,108.322287699125,43
"R0687",3.77234058850445,106.303767435029,98.4785386401853,42
"R0688",3.52839422551915,108.43995868829,87.1996489371583,53
"R0689",3.95215137442574,159.570479161927,98.5544955836096,72
"R0690",3.71587485040072,83.6166671601864,103.437553678774,35
"R0691",3.55195293622091,92.2909603501152,92.6187439095376,34
"R0692",3.82270395709202,128.52139519721,112.033999909996,40
"R0693",3.50355372205377,98.1616886709844,96.2335653892083,36
"R0694",3.84035593178123,94.6807201863864,100.440355231111,40
"R0695",3.50954691984225,79.7789837849959,85.8465480480332,40
"R0696",3.50118536991067,97.0506910420201,82.0670610575013,37
"R0697",3.93134282540996,142.066466921902,97.5380904108211,59
"R0698",3.76731014752295,110.239424472335,131.207368854824,44
"R0699",3.70118306030054,105.735744825565,99.4324355031222,29
"R0700",3.96593522175681,138.83304536298,101.285573841733,42
"R0701",3.73488703917246,95.8584307110889,92.7934922138377,43
"R0702",3.54838719184045,95.9710826908114,91.4273332477107,37
"R0703",3.6445461321855,107.420597640262,94.4515209744301,40
"R0704",3.84673855185974,118.552403009177,95.0020361053495,41
"R0705",3.53292817203328,98.1060834106051,91.6544207461015,46
"R0706",3.58088150899857,82.8280611029628,100.276299804742,50
"R0707",3.66339301690459,93.0447141365034,87.1316345071575,54
"R0708",3.58415261795744,107.079522706975,106.777765748872,33
"R0709",3.62193121307064,111.711728468664,105.334838088462,42
"R0710",3.98530830896925,157.691662863278,89.5082838732249,44
"R0711",3.94477446633391,166.458172692227,112.237025080123,30
"R0712",3.53888268675655,84.9247588577289,89.5165651215065,41
"R0713",3.95377048710361,138.426910225996,105.204669128544,61
"R0714",3.50513494841289,115.483561004803,86.666156716166,48
"R0715",3.56240484025329,103.751907537663,93.6465056932422,36
"R0716",3.62135021504946,100.094186290309,93.6959151948518,40
"R0717",3.93094141129404,134.130827172228,103.199979041165,51
"R0718",3.97108883666806,153.556818612661,112.969999828495,36
"R0719",3.53719661990181,96.3394781694848,89.0449925405633,19
"R0720",3.74796304118354,108.032881637811,108.913780976543,35
"R0721",3.79507903079502,93.4454961052642,95.4320677517069,41
"R0722",3.94311403529719,140.11510879904,103.906870115695,37
"R0723",3.84896736883093,110.53435687795,99.3920700869124,54
"R0724",3.81594751600642,121.490285696087,99.4111172329983,37
"R0725",3.86080122401472,132.793515818048,91.5480921010224,38
"R0726",3.51836876315065,75.6509496415067,91.9881717158921,43
"R0727",3.978212858201,162.792129809624,105.801866232942,35
"R0728",3.5448067067191,99.0636967447806,93.042711664919,42
"R0729",3.60403212020174,93.1385326038874,95.8383813496777,38
"R0730",3.67897885036655,91.2624321194507,91.3391451918741,50
"R0731",3.55012063833419,118.945247116542,101.576716276805,41
"R0732",3.9471839168109,144.691838814548,114.600693212359,43
"R0733",3.9321423569927,143.11510645558,107.139320138046,49
"R0734",3.83790596644394,124.137709574573,104.627847868573,49
"R0735",3.61051791254431,96.1533211295456,90.5409633155422,37
"R0736",3.66749001364224,103.555502173807,99.1153223518464,41
"R0737",3.58441371785011,85.6961051908704,104.882702315065,22
"R0738",3.59631900326349,102.5430068247,89.0075179157274,43
"R0739",3.95514650223777,137.629500180031,107.244401821401,43
"R0740",3.53122642252129,92.2964354950626,93.1895823581638,42
"R0741",3.99566145113204,162.073924238967,105.414717276139,41
"R0742",3.99464562954381,170.707068715886,108.384510735522,41
"R0743",3.77402420679573,115.674102220479,88.7894418952758,39
"R0744",3.66177858319134,90.9964383473518,102.899667643638,29
"R0745",3.90166847279761,146.943747953004,105.569850619608,48
"R0746",3.80376102868468,104.44923904513,101.933805872014,42
"R0747",3.64701042394154,81.1903253064186,98.9333184713388,33
"R0748",3.83752110612113,122.069121047753,106.583350795823,40
"R0749",3.89181131857913,128.750169164926,98.1220776656962,40
"R0750",3.53475996362977,85.7363637118923,101.857261723685,38
"R0751",3.63547965756152,94.0625283282047,102.262349234387,23
"R0752",3.54347439436242,95.0214105351095,96.4287829383768,25
"R0753",3.52949079265818,90.8276182919305,106.83782931386,35
"R0754",3.54544105543755,100.475446383198,102.983799429092,42
"R0755",3.78773540770635,111.884310930233,91.8818005087354,40
"R0756",3.82120609388221,114.308963947375,100.685890375884,33
"R0757",3.53423046972603,103.476875367713,100.325530381577,25
"R0758",3.51364501670469,104.266963893298,88.5777620922418,37
"R0759",3.89192341640592,127.869130380259,97.5095946381617,55
"R0760",3.62853435997386,96.421915625518,91.6807344506438,36
"R0761",3.70382869301829,116.803729456486,86.5205067774987,40
"R0762",3.93344893096946,153.912181658135,103.638324591262,26
"R0763",3.99609993665945,177.732692283022,110.616171940256,36
"R0764",3.84081773029175,116.901155620373,115.175559234539,33
"R0765",3.62842840561643,103.96356144268,104.881868810983,34
"R0766",3.66601240867749,84.531799509977,100.88812838856,34
"R0767",3.75777347886469,105.335164818617,99.9692282465973,33
"R0768",3.65699620393571,100.454647142246,84.4622050674498,46
"R0769",3.71372749505099,99.6889400766225,89.2805863839008,49
"R0770",3.67473166726995,108.106310906005,101.690238865019,35
"R0771",3.51587907318026,92.1286742696266,93.4701592959323,45
"R0772",3.86055984010454,118.417477402367,109.56063203436,54
"R0773",3.67455521749798,83.5914134396415,94.7423678195863,46
"R0774",3.5088529806817,89.8998787792831,92.9815656084655,26
"R0775",3.87600071984343,127.443359697911,102.027798612351,52
"R0776",3.77069671265781,108.639781911974,117.647296015082,43
"R0777",3.50444245652761,91.0830579738922,88.8763886036978,34
"R0778",3.57110875484068,91.8755533005527,106.189553143609,39
"R0779",3.93768556043506,150.635958562615,105.763676384357,42
"R0780",3.69415883847978,101.256498947612,102.293812283227,17
"R0781",3.85781083011534,124.045964308203,97.5133675909817,34
"R0782",3.79274905624334,124.257213807591,119.7735760686,39
"R0783",3.94878220348619,158.64131063048,103.691714119011,45
"R0784",3.76704504177906,88.8273668382931,89.0327950375637,36
"R0785",3.68779415241443,89.0432730433456,103.272002182619,31
"R0786",3.50410009000916,102.886627178,101.179477509676,30
"R0787",3.65855941874906,101.511375478213,108.615754868155,26
"R0788",3.61073034396395,111.103247254666,87.2374120783556,31
"R0789",3.85171423212159,136.749469023137,107.321551402834,38
"R0790",3.84715291613247,125.361242100513,105.689882934786,30
"R0791",3.67680572427344,99.7292073561232,107.03516568718,42
"R0792",3.9877984947525,168.120495266392,106.833563268232,47
"R0793",3.74476002354641,92.5628666427171,103.409288447618,41
"R0794",3.73740407032892,89.9304645050356,106.583848724946,41
"R0795",3.78392856242135,106.988679889961,90.7790850501863,50
"R0796",3.7112436365569,111.912764680271,100.196015439382,44
"R0797",3.90316425228957,125.663687098387,108.82745259572,36
"R0798",3.73769081616774,93.3924398689798,97.6332848237571,42
"R0799",3.74983470863663,107.636581147149,84.952596277042,57
"R0800",3.66255559353158,103.628864555625,105.567965800004,48
"R0801",3.82462638837751,125.586267639832,104.534704999022,40
"R0802",3.97669748403132,171.879957242726,115.236730310304,41
"R0803",3.55462378915399,94.3633990412534,97.1662557998314,30
"R0804",3.89665457687806,136.812144752562,110.718148285161,39
"R0805",3.91134706535377,141.632423240025,110.485283094833,40
"R0806",3.5060437504435,101.963882645239,85.5873123951705,23
"R0807",3.84331967378967,107.465590237203,104.037958551532,36
"R0808",3.59225777012762,97.4236151536394,84.1729932458974,44
"R0809",3.52189712889958,100.845920610248,72.478926792184,15
"R0810",3.5419498620322,86.4991657438766,90.6672844055792,35
"R0811",3.72683693107683,105.794901918027,89.7263879330717,29
"R0812",3.61453286814503,100.356382737413,86.585088720177,34
"R0813",3.69364777975716,85.2248054815161,96.8173229781916,44
"R0814",3.90036226098891,126.294583377504,101.620586214768,33
"R0815",3.68652473890688,90.5647410451958,105.927344206474,45
"R0816",3.69602925796062,93.8744319862224,88.355062008871,47
"R0817",3.79746275942307,129.964495364431,105.968357128075,35
"R0818",3.5129602807574,105.034884867167,103.288606673319,41
"R0819",3.78178838279564,103.958611668835,87.7574857888027,52
"R0820",3.64803614292759,106.099189410791,99.4381543821286,47
"R0821",3.9368946920149,145.436254959179,114.943449970073,53
"R0822",3.5687464204384,99.5520014377787,88.9987944718264,35
"R0823",3.7894397607306,109.240567299592,99.6718554997403,37
"R0824",3.86158619704656,118.131434937398,112.481654855144,41
"R0825",3.63788881571963,91.4412810504122,95.901600825449,39
"R0826",3.66110201901756,111.922871741813,86.3466625158931,40
"R0827",3.55351957515813,92.1307486853493,99.9878874234327,32
"R0828",3.81674418132752,128.54395580924,89.6294075061532,42
"R0829",3.7638324884465,118.133459851758,83.1329852856668,33
"R0830",3.54616527922917,60.1644482168116,88.3903794894314,47
"R0831",3.97932787903119,154.760049004444,109.608594235361,49
"R0832",3.75508960010484,102.015390985328,108.213678226851,29
"R0833",3.98757088254206,158.95077150997,129.600166045998,35
"R0834",3.8190665905131,116.018943492557,119.138009332367,43
"R0835",3.64157714217436,108.128936881522,84.2392762679627,47
"R0836",3.98805083963089,155.188629163339,109.474585930294,41
"R0837",3.89397979225032,132.48507116019,88.4337038201274,37
"R0838",3.76946236426011,115.956382597936,95.9135649389712,51
"R0839",3.80332634330261,124.59302029772,100.822124069577,41
"R0840",3.88497222203296,120.806405586694,118.939755477033,27
"R0841",3.61119337903801,81.1863234073025,101.783538907942,40
"R0842",3.74125768535305,90.1540162209727,114.006197800091,42
"R0843",3.93896775087342,138.058358786713,109.749661474207,30
"R0844",3.65340734343044,86.4205932291079,103.211899291642,33
"R0845",3.81547699728981,128.60219048049,98.2405971706501,42
"R0846",3.67723786644638,96.001915842802,95.3779922717028,46
"R0847",3.57678459002636,87.5870205791368,94.8630839201836,32
"R0848",3.8487176138442,136.496289046494,107.981100089536,30
"R0849",3.52876724686939,87.8791368338921,73.4200556763191,56
"R0850",3.53667434328236,102.9468485873,104.535462841567,51
"R0851",3.7606454702327,92.4895229580471,114.762456259097,39
"R0852",3.9967905060621,165.316380544639,105.713509273566,34
"R0853",3.58319886936806,99.2236575335899,96.4294633740518,35
"R0854",3.60360172123183,105.411547337989,109.762871520966,35
"R0855",3.65606080275029,109.46660329292,95.4493457146072,55
"R0856",3.55426318116952,104.300739587009,80.8348438320153,31
"R0857",3.65230703656562,106.825183929053,85.8102202176577,37
"R0858",3.68169006239623,96.282382731264,96.6361527309672,36
"R0859",3.5119142687181,110.407930305491,93.791333417851,43
"R0860",3.77211757260375,110.844415892843,105.52421595769,32
"R0861",3.85894811665639,113.419191630651,105.432975142358,26
"R0862",3.93962148251012,138.009223598615,109.850771619013,53
"R0863",3.70117685291916,96.7648120791362,97.9780224249356,39
"R0864",3.89892699732445,136.365258839822,107.689907902039,39
"R0865",3.77271424641367,118.536526686816,105.998802592287,36
"R0866",3.82075968582649,116.714132669482,108.959014283045,40
"R0867",3.59172481880523,96.2847102436451,93.9447383087027,29
"R0868",3.89887373452075,130.495130738591,107.369366758208,32
"R0869",3.54057631792966,101.587361273238,84.0467961481629,27
"R0870",3.7738515479723,117.362507000606,82.3722171383993,36
"R0871",3.830747427186,109.180553801741,104.948317665194,57
"R0872",3.94312411767896,162.615928365943,113.131375998233,51
"R0873",3.87944579788018,132.118515923892,109.601801884414,29
"R0874",3.5506699832622,96.1972014699553,102.288930990396,36
"R0875",3.7678710068576,117.420423449875,109.448811344174,43
"R0876",3.5159432371147,80.1073031875173,89.8884027073676,24
"R0877",3.79447451059241,95.3336783548331,110.625048951141,42
"R0878",3.66095148166642,100.817784474994,95.5371302297665,41
"R0879",3.80131237115711,105.44987579543,103.663642364857,36
"R0880",3.56715626933146,94.1292405130064,100.954893501258,26
"R0881",3.85786461783573,110.022630032245,113.645500865652,33
"R0882",3.93392384168692,132.557129748437,99.3678010158915,48
"R0883",3.90085748117417,126.045803318655,108.684626413258,30
"R0884",3.90337824157905,139.298644138937,94.821448011382,35
"R0885",3.65915231278632,93.0862825498613,82.9575854800901,48
"R0886",3.9006742364727,121.289387358576,107.529280467389,50
"R0887",3.65018219093326,113.233435124929,91.8307383112944,33
"R0888",3.97723009728361,144.115688784885,115.52323623625,41
"R0889",3.74676991254091,111.999625585845,96.7143226632759,40
"R0890",3.70584153407253,100.088491016697,105.304357225079,24
"R0891",3.53276636777446,76.7419720882909,106.8450227278,41
"R0892",3.55958573066164,88.6746536028268,115.737742670728,36
"R0893",3.8650771434186,139.832430927545,119.898863063261,54
"R0894",3.61810068262275,81.9415056450126,69.6942963247604,22
"R0895",3.85862254665699,120.056252339197,106.578079055863,39
"R0896",3.58605947939213,115.944712888761,85.3982425486104,43
"R0897",3.75207101076376,98.7202377054982,87.9347516296461,40
"R0898",3.55135001055896,91.3183064656698,95.5181006959458,34
"R0899",3.51957156381104,93.1122192068376,84.468391941648,15
"R0900",3.92444226332009,131.803911272548,122.045490202673,43
"R0901",3.77769400412217,93.0944983118643,105.252222271543,31
"R0902",3.99035633751191,154.385120031263,108.35660123536,37
"R0903",3.87880146154203,119.037513702495,100.168126241774,41
"R0904",3.53143133909907,78.3817414340203,95.5841888442659,44
"R0905",3.95223642187193,140.64561393697,102.577147278003,55
"R0906",3.76281011570245,99.2540643848911,94.4587112806151,50
"R0907",3.91308914707042,158.013957678028,113.994033278314,39
"R0908",3.51586940628476,91.3037441952653,89.3711640715408,39
"R0909",3.77813160605729,103.399405955936,89.8302116296454,34
"R0910",3.9001413884107,128.698626758259,122.366371373814,58
"R0911",3.62223626836203,94.2762610672068,89.4876006128519,37
"R0912",3.76654137158766,123.321548675596,106.345208730849,29
"R0913",3.68916975311004,102.500306093161,88.9315251680911,42
"R0914",3.67071908514481,90.8542744701243,90.391471447245,35
"R0915",3.91392184444703,127.211819760302,114.822015930765,36
"R0916",3.71147041977383,105.481385633915,90.5449590223135,44
"R0917",3.53024279617239,99.7892267397839,110.177351887503,41
"R0918",3.88766753335949,132.678062977261,114.5875779066,35
"R0919",3.98307428392582,158.856411968681,133.290334719306,45
"R0920",3.84734129323624,110.490059910746,89.1967042516637,59
"R0921",3.71170387917664,97.5473032778661,92.2500527878375,30
"R0922",3.97495326132048,152.402983683071,105.815927940298,59
"R0923",3.75323212984949,117.413123906107,108.188528142054,48
"R0924",3.51747111871373,94.0596683464499,93.0221853659815,34
"R0925",3.59280299150851,97.2444672699355,96.8578294773991,43
"R0926",3.92476489895489,141.31923523917,107.226490018225,34
"R0927",3.68067327421159,100.741387725091,98.2192871174797,37
"R0928",3.62293495284393,91.2879160927123,100.79123091943,49
"R0929",3.89282000309322,129.836497518713,109.002042184732,47
"R0930",3.68476921529509,91.3223011614568,74.1137441142193,35
"R0931",3.7556604007259,128.854365402528,101.9461256597,35
"R0932",3.6303426384693,83.503768851232,104.132823682676,40
"R0933",3.85315174423158,117.121803179241,93.6055959606602,47
"R0934",3.62201105325948,91.3020391695885,103.04572897202,46
"R0935",3.9726506085135,157.765068612526,107.875338873206,46
"R0936",3.72180681244936,108.346978486917,103.766907083344,37
"R0937",3.95276450610254,140.206995314861,121.417839773191,36
"R0938",3.68536468886305,89.1598604138575,80.3612053902112,44
"R0939",3.80230247101281,104.916181941593,96.577880370612,47
"R0940",3.57170648069587,101.602085438528,96.3903350930776,33
"R0941",3.5127826470416,105.861717000015,78.3859217410318,50
"R0942",3.80477518111002,127.221847371465,108.373691702811,30
"R0943",3.55229345557746,103.899049207573,99.6025296123796,43
"R0944",3.765508001321,91.7165722885848,109.51190884872,40
"R0945",3.55821882747114,92.0875986891699,95.9625778679026,47
"R0946",3.7609594798414,109.666693777765,103.318780723023,40
"R0947",3.82691031252034,116.479835730664,97.7693962529136,44
"R0948",3.71201132831629,92.6416720631147,106.091095093569,43
"R0949",3.69957782526035,81.1363064433901,84.8225021800226,45
"R0950",3.57269419240765,102.444524370908,101.720587333945,29
"R0951",3.62217343773227,80.1484664062338,92.4551210259428,49
"R0952",3.69871847110335,114.701030273451,83.0263182710973,47
"R0953",3.90927790163551,137.616372355968,109.819837253009,32
"R0954",3.72777059569489,98.3171475405283,84.18800690354,44
"R0955",3.79757469112519,106.557669490503,96.356954307935,38
"R0956",3.51559794205241,86.2389946560905,117.882719511596,50
"R0957",3.89898030215409,132.585140172988,93.386938868054,31
"R0958",3.72064866544679,87.1159718516464,112.137818464998,47
"R0959",3.53925218991935,84.3207443621188,97.075924768828,32
"R0960",3.65235547756311,107.578687059027,90.4707711030806,31
"R0961",3.56719524681102,86.291113134382,98.4002420742817,33
"R0962",3.72239073261153,91.5522067318399,100.252649360433,45
"R0963",3.95123427885119,138.281630989566,105.405698785734,48
"R0964",3.65912354853936,88.1465432546106,109.887025260526,42
"R0965",3.99571358552203,163.616870714052,104.732236144673,49
"R0966",3.88675369822886,120.455833682332,107.030555571807,36
"R0967",3.87807163549587,122.323003899524,110.775436901583,42
"R0968",3.54599606781267,101.344212341707,109.490129204157,37
"R0969",3.87151798955165,115.142218617998,96.431169002063,38
"R0970",3.72407651040703,94.1429440985398,94.2903816851434,25
"R0971",3.51351787848398,103.084619131905,79.7990564601367,35
"R0972",3.79044759797398,120.670234630637,98.4635037603892,49
"R0973",3.86601840285584,124.729688527617,92.8264751984887,50
"R0974",3.85317972139455,111.524459932599,99.1779087030816,52
"R0975",3.96253888623323,144.67277856143,121.463833106441,39
"R0976",3.68686322018038,100.098619054522,102.144211791209,32
"R0977",3.79787746304646,121.326695175436,104.493360461067,46
"R0978",3.85652807157021,127.964357925769,106.951283276828,39
"R0979",3.85418645676691,118.333931666628,93.2712717052926,24
"R0980",3.97832645813469,151.877548913367,114.849450702119,28
"R0981",3.85121155926026,123.682898421226,112.622163193825,52
"R0982",3.71903918148018,88.1051952380321,98.4767686540945,40
"R0983",3.81396180519368,131.849345506129,82.9553364175134,35
"R0984",3.97245827619918,156.787521982604,98.4075094205945,48
"R0985",3.73545453196857,101.357800705548,92.427468534226,44
"R0986",3.8561737104319,117.729794769742,102.440764944004,38
"R0987",3.62573969003279,102.346482554396,110.246639947424,35
"R0988",3.9786255605286,163.180166898715,107.117650922508,41
"R0989",3.82602659834083,121.859637145875,94.0371906441324,38
"R0990",3.69116160436533,105.625992999515,86.7222986195698,34
"R0991",3.65870230889414,115.159966306849,94.9832633957278,36
"R0992",3.56613546353765,101.279793276621,95.7771853423478,42
"R0993",3.91011232766323,142.637691312032,119.925647405438,35
"R0994",3.64325849304441,104.236460385034,103.805508734308,43
"R0995",3.81911001633853,113.17624340621,109.752086127493,42
"R0996",3.96240878896788,162.916796557214,118.963347669504,45
"R0997",3.99029109289404,154.151159051117,100.517102645263,47
"R0998",3.66190928814467,94.5490609758474,91.5040180140638,42
"R0999",3.5876980178291,103.565317894621,87.6327836338972,25
"R1000",3.68027907947544,92.7883089023226,100.679396176416,26
"R1001",3.6606649592286,92.1529286663663,69.0867346596437,36
"R1002",3.64479250565637,83.5643292003836,91.0677183380117,43
"R1003",3.75988644023892,94.0326724523464,95.3594508597323,35
"R1004",3.83767733175773,113.388861822278,103.731070829732,35
"R1005",3.85520661086775,112.741784070858,100.697022390494,47
"R1006",3.53327230527066,94.4245626931749,102.916830575927,35
"R1007",3.50840773840901,94.3085746183774,94.2647225746472,54
"R1008",3.56233498128131,93.2309378478127,93.2112911479525,27
"R1009",3.62934262503404,88.1280154837014,102.848438329488,36
"R1010",3.93459859560244,139.007034708802,97.3887971272878,45
"R1011",3.50790192943532,87.7084052773104,98.3477292727228,46
"R1012",3.82913466379978,120.153185673336,123.192780308206,50
"R1013",3.69655344658531,107.103151949452,106.120197867219,41
"R1014",3.83513986831531,123.961171904783,98.3760280914934,43
"R1015",3.88461366167758,145.683498293418,96.835973244298,38
"R1016",3.52560520952102,90.6452013032256,93.1109826378876,40
"R1017",3.92966197349597,129.989590522542,117.706510777922,51
"R1018",3.5445069775451,84.8227091205971,96.85102314807,42
"R1019",3.99450403579976,165.212624595204,112.676995444268,41
"R1020",3.88171305751894,121.10417837236,103.168382899109,47
"R1021",3.92016581934877,138.344058472998,91.7995604334287,51
"R1022",3.89626063662581,139.596289636972,112.592824894639,48
"R1023",3.86241092835553,111.116557779523,120.415902185958,55
"R1024",3.75925814302173,113.879557071372,85.3435114920793,47
"R1025",3.89969020849094,134.388185021377,116.537249618315,48
"R1026",3.99521256785374,170.279873795759,111.759498340249,44
"R1027",3.96380794036668,152.82820914625,97.2993397911555,50
"R1028",3.78766591625754,111.249298275323,103.137508980404,37
"R1029",3.81879955541808,118.995764097678,112.555280393602,41
"R1030",3.99941184325144,161.810901067976,128.013294782083,38
"R1031",3.58439282025211,94.0785639456114,109.07259303421,35
"R1032",3.8666908548912,128.266944306447,108.290556058689,52
"R1033",3.61065230437089,94.4816874764819,83.014557740993,37
"R1034",3.77565245353617,94.4457582943861,89.1257435866923,42
"R1035",3.5747634973377,98.6552483480996,81.3589811973719,41
"R1036",3.67297253769357,101.222266738497,89.9915944531739,34
"R1037",3.51346789964009,90.8496102066743,95.7774373111261,27
"R1038",3.77712396497373,96.2796684564193,98.9327448324753,37
"R1039",3.71471288509201,90.2537500368264,100.14787564433,35
"R1040",3.68830665014684,108.134981893048,95.4057764485598,54
"R1041",3.7520887904102,81.2499148103183,106.546955004241,39
"R1042",3.62130341795273,92.4000461857602,96.8941079769758,56
"R1043",3.9630754168611,136.867982941287,116.076757124797,43
"R1044",3.62284444074612,89.4164798999484,95.4529974295152,37
"R1045",3.90884496644139,145.811284311086,119.970601033097,49
"R1046",3.65217659284826,95.9813449725425,103.576369418326,40
"R1047",3.67189618747216,85.8972597144083,111.105515683755,36
"R1048",3.53850419796072,85.8584630047885,104.443692389989,42
"R1049",3.900310697034,138.513861476734,116.479809772003,52
"R1050",3.96043798315804,150.796352748958,110.020328927427,40
"R1051",3.92285652074497,127.422235175339,127.788285446777,40
"R1052",3.53413417947013,92.8136579301404,97.8142653562548,45
"R1053",3.91664308169857,156.741445008806,102.760028036257,40
"R1054",3.64962123485748,94.150798052011,99.0746971509669,41
"R1055",3.79199244000483,99.6728339976422,109.929862563403,26
"R1056",3.81789007876068,95.4083895826947,89.3426044011746,40
"R1057",3.58326953824144,95.8728790761118,102.156350231603,23
"R1058",3.84332919854205,124.941945125078,83.9084697467935,33
"R1059",3.85514045867603,132.924442832439,116.049443424767,27
"R1060",3.89243127568625,125.710305776508,135.348054010681,42
"R1061",3.50862603855785,108.353075502709,90.2224523665054,44
"R1062",3.95202407822944,139.785643029379,108.447498202098,46
"R1063",3.66109091346152,86.541574896387,88.7120542454624,37
"R1064",3.5105174126802,82.0911586583747,93.009499953853,31
"R1065",3.94400431180838,155.931008082965,116.857654894466,32
"R1066",3.94174813083373,157.970314271242,106.285166354969,44
"R1067",3.65025753038935,78.969602944187,105.569728003772,41
"R1068",3.99640900583472,151.250875973298,117.643807869683,28
"R1069",3.55843596591149,88.8002948951784,104.216465936826,27
"R1070",3.96958695794456,145.938469598603,106.164894323727,59
"R1071",3.87621767423116,119.844413674267,101.397577984736,41
"R1072",3.77034054207616,110.628776481081,98.8302656453794,39
"R1073",3.75595838192385,102.57899486107,119.433439789449,39
"R1074",3.96106162352953,145.944753903633,104.429180651461,52
"R1075",3.52758901834022,75.0358716682788,95.2283591074178,26
"R1076",3.52972408465575,90.0052782056272,109.465566159496,41
"R1077",3.6341451118933,91.5213957132205,97.0594692678942,29
"R1078",3.70468185015488,106.607528723279,95.5694289699308,25
"R1079",3.77743596001528,121.427975623399,110.506668675295,47
"R1080",3.54038330970798,82.3583288999668,95.0901333248117,26
"R1081",3.88751082727686,127.353224766271,106.221304886139,43
"R1082",3.68601259577554,101.200869212961,89.7250692289465,47
"R1083",3.82488702831324,105.034354965784,92.7814992330351,55
"R1084",3.72440266958438,98.0043845766735,123.772494584744,37
"R1085",3.88781512342393,128.676945433674,110.887741169641,47
"R1086",3.94780843344051,154.692485328586,108.86729846591,40
"R1087",3.83683922374621,107.912329782586,108.377690549953,48
"R1088",3.96453607233707,133.05777563906,103.957810107029,41
"R1089",3.88085375772789,120.007889369953,107.05961982412,50
"R1090",3.88834947592113,117.493685192252,88.3928354648174,54
"R1091",3.99651259160601,180.096503558938,98.449289622717,46
"R1092",3.53986295312643,102.540717687734,100.233703893926,29
"R1093",3.92999513621908,135.471982535587,110.918920038583,57
"R1094",3.72349884733558,101.424376879458,90.5310249640201,45
"R1095",3.77084174659103,117.397786652609,106.662431288627,32
"R1096",3.59191349579487,106.301017109113,83.9240278287893,39
"R1097",3.64799938851502,109.586009367567,96.4929577633204,37
"R1098",3.89402991707902,131.190500024926,102.077104882444,36
"R1099",3.89976794330869,121.319389238773,96.0685581846492,51
"R1100",3.59862927393988,88.2645013112775,103.928933142148,60
"R1101",3.63506690668873,83.8357813473622,81.2345594268186,31
"R1102",3.71319642732851,104.763539932323,85.6464093168794,47
"R1103",3.83963486761786,122.774296652157,92.0735428851092,53
"R1104",3.60487281193491,92.3416701367068,100.349527645906,30
"R1105",3.52963595173787,75.6697904574868,101.684707084689,42
"R1106",3.60335453716107,90.2380306509965,98.6486910738958,35
"R1107",3.63930303801317,93.5912919408527,84.0591461607081,43
"R1108",3.83709347085096,125.608992510728,113.764126949561,34
"R1109",3.69687696138863,105.790563217525,97.4165751227897,34
"R1110",3.85472480207682,125.742978239717,96.8505795081835,29
"R1111",3.58641582529526,94.7287050229645,88.0747986111925,31
"R1112",3.6684340632055,103.635745809796,94.3137636736302,41
"R1113",3.50229386100546,91.9490016780355,100.991528974219,40
"R1114",3.78223291120958,105.533397996211,100.283402538926,43
"R1115",3.6567694931291,103.236271009707,107.446521183237,33
"R1116",3.94842502195388,154.886707329418,115.478116426782,45
"R1117",3.73287399846595,94.4666638793235,109.396156729047,45
"R1118",3.91735902056098,135.851972066124,125.032571074987,46
"R1119",3.82723034697119,119.069115404047,96.3222679374561,42
"R1120",3.5985033713514,99.3137326858791,85.4466961207637,40
"R1121",3.91805220756214,127.114718154285,126.211204271719,44
"R1122",3.54766893736087,87.9274855958899,89.9285488906018,50
"R1123",3.53949762566481,104.079486825748,110.600484553232,28
"R1124",3.8119673281908,114.040825649205,108.121405977001,34
"R1125",3.80691508401651,97.7387119793241,111.054867245686,43
"R1126",3.56602431018837,104.80829657314,99.2997573034746,38
"R1127",3.93936754274182,143.239642451158,117.059009257554,50
"R1128",3.86090421874542,138.090818472422,108.524505949257,36
"R1129",3.81252675387077,119.971168693779,103.054671799671,48
"R1130",3.54748491744976,102.163139477185,104.2069978537,44
"R1131",3.92800782609265,144.952983311153,117.642062404933,41
"R1132",3.67712820495944,93.0689518331957,88.2535279115538,42
"R1133",3.86729230033234,131.807055097716,119.887922213551,50
"R1134",3.9611622071825,165.726126131546,101.969517939017,42
"R1135",3.7839196465211,95.4320679219632,88.9387132115717,30
"R1136",3.60478219715878,104.033079212559,90.5955492914178,30
"R1137",3.66195983055513,93.3474036886702,99.5365491842042,19
"R1138",3.62826485419646,66.498583740135,122.300074268018,24
"R1139",3.89384878904093,150.316506546314,117.986983284915,40
"R1140",3.97731104621198,146.335176751267,108.560939842049,50
"R1141",3.80064609600231,125.633614579064,94.0566635155522,36
"R1142",3.54587789368816,84.3291486922229,101.434772975284,33
"R1143",3.91379564290401,137.848491748953,91.0807114761489,37
"R1144",3.56858965579886,102.86614706738,104.403903995347,37
"R1145",3.53146785276476,91.4767855842664,95.5682230229083,34
"R1146",3.77070434868801,99.6652863432087,113.116855147641,40
"R1147",3.71736939856783,95.6070048291302,79.050073967669,42
"R1148",3.7373673763359,105.858544653478,101.27613338536,31
"R1149",3.52602706151083,82.469275377322,80.4081207625882,37
"R1150",3.76569881418254,116.866596594535,97.9481466693443,53
"R1151",3.62414754542988,94.3344348390347,105.814021524382,30
"R1152",3.71966277854517,97.9330235832936,116.039117659483,50
"R1153",3.98649758868851,161.931727021175,109.861641091656,50
"R1154",3.9413726287894,150.735344726398,123.372796247398,43
"R1155",3.62832109373994,76.3751289675302,100.836127304107,35
"R1156",3.7274576597847,99.9042548778347,103.094111473752,39
"R1157",3.81654710927978,134.707729129344,112.803391617228,44
"R1158",3.517503564246,97.1305671929635,83.8194614502091,35
"R1159",3.74588266736828,95.4585654103397,84.6332265866571,36
"R1160",3.60355769202579,95.0362581368595,106.400672170389,33
"R1161",3.55356492626015,89.3676753162687,88.8870551322364,40
"R1162",3.92843820841517,135.961054525813,119.951018259092,57
"R1163",3.61845839873422,98.3350984329928,77.1045995537289,26
"R1164",3.65843053872231,90.9953792127375,101.098202761849,38
"R1165",3.84740126377437,116.376495130656,99.6166800305167,38
"R1166",3.92476000834722,141.733343114589,105.786331258382,39
"R1167",3.52479591791052,95.1776182414867,88.7885981150251,40
"R1168",3.57656826579478,95.7758992779055,93.9405202716435,36
"R1169",3.8916645005811,118.289780673783,100.058539419414,38
"R1170",3.86834971804637,129.562702414824,106.643949472992,39
"R1171",3.55076348630246,80.2695281678348,93.5845322104114,31
"R1172",3.85240932449233,106.76088953848,98.2361240411954,37
"R1173",3.87881864025258,131.449539502241,97.4732097733936,35
"R1174",3.89422535244375,131.842859227254,98.1063229362006,64
"R1175",3.76035875943489,110.513508511921,101.39282091559,45
"R1176",3.67545662773773,88.0914971526275,93.804771512138,47
"R1177",3.97993705840781,160.176665532785,117.86288508102,40
"R1178",3.80241445638239,133.790357626731,91.9888440640979,51
"R1179",3.60751099232584,96.2972359330396,81.7927209771237,41
"R1180",3.83356750616804,105.891203252721,105.726220826147,29
"R1181",3.54266298201401,101.803897288588,102.071103653665,18
"R1182",3.67851054959465,102.853987136232,92.210040525668,34
"R1183",3.94344676367473,144.785535188567,110.432512108517,47
"R1184",3.96685518859886,150.695825538278,99.7688701771459,51
"R1185",3.59452116687316,85.222398189326,94.5295516004848,39
"R1186",3.59066868165974,102.949116420762,92.7838066046111,35
"R1187",3.56167719711084,96.105750292281,84.6176267998313,41
"R1188",3.75670399377123,110.693246361903,100.055324170125,37
"R1189",3.60641343914904,98.2205994104755,93.4109585651767,37
"R1190",3.78864515433088,107.310828563686,93.3335668892394,43
"R1191",3.61319807928521,99.5828562936485,80.7693689130392,23
"R1192",3.53562281257473,95.6716074716431,99.3095751620304,39
"R1193",3.93290610401891,144.101628255861,115.895650967801,41
"R1194",3.66670041542966,81.8542786109167,86.530530849626,42
"R1195",3.74868225830141,94.35055391274,103.935984006421,28
"R1196",3.73370980727486,104.050875291592,108.605493294161,35
"R1197",3.62702373182401,94.0022351945798,100.984783048639,38
"R1198",3.9197017471306,129.079406184042,106.548919380039,35
"R1199",3.54364650393836,107.222121980465,101.698165936393,33
"R1200",3.99775496334769,166.515389434474,117.594834068239,39
"R1201",3.89942664909177,114.893304660302,89.0369223101722,26
"R1202",3.88135210599285,111.240470138225,112.436933766733,51
"R1203",3.91633888485376,139.127358229814,103.706090910833,36
"R1204",3.98180454061367,156.737768983998,123.795322279061,40
"R1205",3.71945586288348,112.878938619669,108.52749148889,50
"R1206",3.78854914405383,120.2195459652,109.598171622007,59
"R1207",3.767983694328,98.0405968490207,79.992629230418,40
"R1208",3.5399770590011,93.8700848185029,97.6704085926404,40
"R1209",3.72273735050112,99.6016695432734,91.9445152238959,48
"R1210",3.54486578376964,99.5856609099568,88.4254377133055,43
"R1211",3.72938062925823,92.8047914379542,102.823757514428,47
"R1212",3.81947805767413,114.447333864375,103.143781632467,48
"R1213",3.80949379655067,119.069736529244,101.35615564563,40
"R1214",3.54956960934214,110.801542191235,100.481922301611,28
"R1215",3.61842334328685,80.6376842637433,89.1483644617819,35
"R1216",3.81569935998414,115.025096110061,115.361961289552,40
"R1217",3.84163913514931,134.325769657779,114.87649297643,29
"R1218",3.83808279642835,113.323230608195,98.3643893521229,28
"R1219",3.59382556122728,86.44695775522,95.607228922062,34
"R1220",3.60875696479343,102.569572570851,113.174877712565,31
"R1221",3.7234505872475,104.088301535741,104.183128332765,45
"R1222",3.86740577593446,127.549581276822,93.6339239194332,46
"R1223",3.93310253100935,135.005392555693,106.037044354521,47
"R1224",3.70404015644453,103.203983337708,96.8400089085342,28
"R1225",3.70867857465055,90.5541740134833,87.0965833704561,43
"R1226",3.86890304053668,128.237001499217,119.78164161034,43
"R1227",3.8821571826702,131.571952589492,110.81516398572,39
"R1228",3.50765988964122,89.3617894433787,89.7169921073342,36
"R1229",3.7924114051275,89.9587027620122,111.553505425799,57
"R1230",3.91642387409229,141.136358023257,110.920521168581,61
"R1231",3.52761141420342,96.3358983328334,105.540784882869,30
"R1232",3.79839162051212,135.770200949929,93.0924635182698,49
"R1233",3.66500272473786,97.3536815365674,86.6419373827346,47
"R1234",3.50187363382429,100.914605562282,91.6812338256444,26
"R1235",3.61785816692282,111.827584924,89.1460157620357,36
"R1236",3.51550784299616,98.7832472756231,93.2126854414492,32
"R1237",3.50962896202691,96.7219369696403,109.946876025206,29
"R1238",3.56027016974986,94.9770070215855,79.0786564265541,23
"R1239",3.9997979265172,172.895516251645,104.258940434413,39
"R1240",3.57016395323444,99.1345411987044,113.086997956442,44
"R1241",3.74182512611151,102.475355420294,95.4900117049443,41
"R1242",3.81707125518005,107.359478616233,89.7941924646115,36
"R1243",3.75896976550575,110.432620336302,111.945890073699,40
"R1244",3.91507866210304,152.959025701018,98.6651296215503,52
"R1245",3.69255422172137,105.286901057975,97.1141757683604,35
"R1246",3.55932594905607,92.848730240038,92.8391622987951,32
"R1247",3.91696450300515,131.315024633713,102.99583270955,39
"R1248",3.5435637505725,83.8813247470275,93.2505845284915,43
"R1249",3.66448828123976,102.256355666564,104.78182454491,46
"R1250",3.61034698726144,103.672811703559,98.1445245979049,28
"R1251",3.83339415758383,113.761493657943,123.012338742189,55
"R1252",3.92480364826042,124.338587276672,96.391004611142,41
"R1253",3.63948878331576,103.514592426577,95.7874070285144,53
"R1254",3.87014956772327,110.721928981679,83.9031044019382,34
"R1255",3.61106638272759,107.200180014917,89.1961581192089,38
"R1256",3.51840545481537,102.372383678276,104.38150573805,42
"R1257",3.90694663196336,137.006935267125,100.209494511873,51
"R1258",3.50894335180055,86.625194658388,84.8295340973182,40
"R1259",3.89172339427751,118.993800112956,98.6617210063005,41
"R1260",3.94808811228722,127.574627497657,94.9654775746361,40
"R1261",3.6464794492349,101.387891000635,104.262981045318,25
"R1262",3.79506639903411,115.554319425954,89.8021444048211,40
"R1263",3.99481319379993,170.706761775373,117.909895075573,47
"R1264",3.90340110042598,141.730911655561,99.9034394655076,46
"R1265",3.57254103629384,90.3722597912719,92.4579528610645,43
"R1266",3.87712262396235,119.153465791736,115.418637361041,32
"R1267",3.61164603591897,81.9251332735705,91.758862948697,48
"R1268",3.92389868001919,138.415472717733,115.555577678384,42
"R1269",3.91437546839006,133.1536226105,93.9660170504996,50
"R1270",3.50024175073486,93.7442362811405,94.0855028725307,35
"R1271",3.62127545557451,113.860257065243,98.8882616188636,24
"R1272",3.96538651152514,153.019788550162,111.878960800431,51
"R1273",3.64817878312897,96.1721063217151,89.2735524214247,43
"R1274",3.60769659106154,91.1237723227265,95.3962541617201,39
"R1275",3.80056738469284,102.910182061213,121.152062142796,26
"R1276",3.5844718212029,114.487748440175,101.553727216616,51
"R1277",3.54197302449029,103.67358292987,82.2888079580378,41
"R1278",3.99793024198152,168.895860513104,99.4277655692316,49
"R1279",3.69642343209125,106.693844035946,95.4291147623271,52
"R1280",3.64636836957652,95.1013864061428,106.848540699724,35
"R1281",3.62554489308968,89.7308886263032,103.574882170852,44
"R1282",3.92220538831316,143.928844031307,99.099580559056,30
"R1283",3.59158980567008,78.397839058501,97.6597288947623,37
"R1284",3.68992714688648,103.81064501656,84.7523190195286,44
"R1285",3.55384000169579,77.7188628376414,81.9611650347804,39
"R1286",3.55191666050814,87.1137227280919,107.181373845021,46
"R1287",3.67208384489641,101.757618985212,106.131327829394,55
"R1288",3.70590294408612,110.02578984973,103.266794739339,41
"R1289",3.56168390670791,100.659218638261,88.124823998068,36
"R1290",3.75452048133593,115.299304850504,100.564700306189,51
"R1291",3.50948288163636,99.4610217300907,107.41646507017,40
"R1292",3.71673710737377,94.8485239860009,98.449118983497,39
"R1293",3.93647303944454,127.313275615726,101.723039257694,52
"R1294",3.80341717263218,110.869480923321,112.974927999947,43
"R1295",3.9514335130807,143.019383987446,118.676293535227,32
"R1296",3.82575796660967,104.789876271716,106.366471172462,47
"R1297",3.79139356524684,118.954461754045,99.5184746670907,48
"R1298",3.7250264553586,101.673338210922,88.0130650758715,44
"R1299",3.63821455754805,88.6956232872902,103.708278413474,33
"R1300",3.77490453759674,100.864108503825,97.4745239924008,44
"R1301",3.73826392309275,83.9221557387667,108.529622133811,44
"R1302",3.73550527764019,101.373783605956,110.948865279071,49
"R1303",3.70885983377229,84.1345202035437,113.982222731542,33
"R1304",3.84801965276711,116.53261622489,101.988130710422,32
"R1305",3.61315408581868,87.5097681008268,97.7061333663459,36
"R1306",3.87808158656117,133.749498395723,99.2353999121622,37
"R1307",3.84702020091936,122.285317371334,102.116143461176,37
"R1308",3.54364268528298,107.621844514717,95.7933707944047,37
"R1309",3.52348853019066,94.8290451850961,86.8016816449212,39
"R1310",3.78839739446994,118.150760276058,88.705041773508,42
"R1311",3.97340897202957,156.757632636485,115.360925259608,37
"R1312",3.72609879402444,115.913546209209,88.8768952766317,42
"R1313",3.71310689486563,97.5688592849814,105.166627461128,37
"R1314",3.57413832983002,99.1045720447283,83.3622530343743,28
"R1315",3.99637726414949,144.457386478806,100.606614184635,42
"R1316",3.58032828115392,88.5984802765774,105.220643882576,39
"R1317",3.7801986123668,111.953155067697,95.2898925498995,44
"R1318",3.85699026682414,121.944630684042,86.6039092451062,44
"R1319",3.59791208023671,101.631086493843,95.9673620085261,29
"R1320",3.80181109788828,122.817894056809,100.402822331124,42
"R1321",3.52474111574702,101.820167979588,102.914601816965,38
"R1322",3.64943370816763,99.462692002293,102.156288270704,40
"R1323",3.54649234178942,90.8968215140442,109.116065880531,43
"R1324",3.50429097667802,92.1227825861488,90.6695559442597,34
"R1325",3.8973117765272,136.52775353534,101.020955059293,48
"R1326",3.90377639024518,121.695832257727,114.60635874466,43
"R1327",3.61622440326028,85.767276351397,80.7533592395846,41
"R1328",3.61747192707844,95.9116387227494,85.1362018639571,26
"R1329",3.58858595625497,108.362790122252,103.909432660861,30
"R1330",3.7908101414796,120.804216281063,87.4457925122525,42
"R1331",3.79018045763951,120.420228261049,85.8872292458555,31
"R1332",3.85620864725206,134.317328923772,112.836602203795,43
"R1333",3.78590352693573,114.095507113406,117.465395568698,38
"R1334",3.96400588343386,160.242075334831,108.166473425134,50
"R1335",3.87620808091015,125.889037279842,104.6281151271,36
"R1336",3.83874993154313,111.54380309791,91.1821013821708,40
"R1337",3.90663286542986,131.161652237508,104.894195154337,51
"R1338",3.58973614394199,91.9549253494161,95.0361099883742,38
"R1339",3.77206431503873,98.9737755569843,106.558751484542,54
"R1340",3.80759241618216,116.555712391816,96.9987481003193,27
"R1341",3.69920128083322,98.0961864311044,91.9006337390832,51
"R1342",3.84795354481321,111.0760508484,113.684437608821,47
"R1343",3.82670260348823,120.7403474249,87.5035152126732,36
"R1344",3.79770620563067,108.057040198341,95.9023187107112,38
"R1345",3.9934559041867,165.492241078882,103.016869862628,55
"R1346",3.84506924683228,107.601140856046,104.974541829957,41
"R1347",3.51591962564271,104.961717597225,87.6362478367557,37
"R1348",3.56052053393796,105.412669066684,94.4299926714612,48
"R1349",3.93975505465642,163.797031079951,122.565405409513,47
"R1350",3.81084646505769,124.368084846538,99.479442727439,46
"R1351",3.56326807057485,95.7764189273862,101.442391897667,31
"R1352",3.79790149664041,108.557775538096,97.1430728344789,37
"R1353",3.93604898278136,143.942357244126,107.166783231169,54
"R1354",3.73398467549123,103.924633335747,95.2304590051442,35
"R1355",3.95839421392884,162.619438286035,109.432055545354,43
"R1356",3.75099428975955,108.857774473759,101.090414054406,41
"R1357",3.60783052281477,85.7963982555948,91.4322824257064,39
"R1358",3.58874757180456,106.091860475377,96.8304970141498,18
"R1359",3.82924278324936,127.929186407434,105.274333102759,35
"R1360",3.78559307125397,115.683226864759,101.814673306555,45
"R1361",3.60604486276861,98.8489909724369,88.6420092693027,34
"R1362",3.65467390837148,101.470418615186,93.707624064406,41
"R1363",3.92659012961667,136.06293983028,113.340111506916,49
"R1364",3.50119420897681,79.09330363247,79.0342517330298,32
"R1365",3.81748809374403,114.057229299002,96.434521966634,57
"R1366",3.86286602041218,136.709511090822,109.736935907496,31
"R1367",3.5734764666995,102.073079861978,104.083686892787,35
"R1368",3.91837442817632,134.014742095193,111.525048017249,29
"R1369",3.70423863222823,98.4480901835309,96.4221537545037,40
"R1370",3.60099689976778,98.2190511934448,98.8699822337654,41
"R1371",3.9562362965662,157.337813062686,100.981395449134,54
"R1372",3.68920193810482,109.895071679416,103.255363484069,32
"R1373",3.63742821034975,92.7610863383205,98.4023729039261,25
"R1374",3.95450973813422,130.376678085731,114.996334783031,41
"R1375",3.71422981412616,102.33811718806,103.452330787228,44
"R1376",3.64473235164769,100.655894398601,113.043191278872,43
"R1377",3.65316132700536,92.1779782769861,95.3774423591366,43
"R1378",3.89856352028437,143.101623029998,105.959834239803,28
"R1379",3.78956875985023,98.5182769197884,96.1402411877999,33
"R1380",3.5221643258119,85.0541139092016,105.427528850555,25
"R1381",3.7555155508453,103.993465414962,112.667606173298,39
"R1382",3.66616934607737,95.7975470791333,95.8679112912612,37
"R1383",3.65598604711704,104.688233417382,95.1809200258837,35
"R1384",3.84747076884378,131.153205915514,109.839515798555,39
"R1385",3.74165532272309,113.762704888214,101.751394994305,41
"R1386",3.93767531961203,137.695302067951,114.425330194677,42
"R1387",3.96413629525341,150.781751257769,125.029697679865,59
"R1388",3.60662370745558,110.757940470432,99.9891824802279,36
"R1389",3.51138208212797,97.8139216819697,88.6187348603675,46
"R1390",3.84758673503529,119.578621866101,105.821053283962,51
"R1391",3.7808912305627,121.302637637567,90.9865660183192,35
"R1392",3.54868909390643,93.7048811581029,87.3400486325047,40
"R1393",3.73038883425761,102.206091290941,118.336472381086,32
"R1394",3.52959582174663,94.5534631061912,89.6492306683757,46
"R1395",3.7300972964149,89.9957570756318,92.7276185016609,45
"R1396",3.652297488763,99.1804645809552,93.1179332926176,44
"R1397",3.53839908004738,93.4148471117673,103.457959756146,33
"R1398",3.5904161563376,105.790325017382,100.712940057216,41
"R1399",3.52331739501096,69.6272709683254,96.9681561015562,51
"R1400",3.5852846900234,93.8806282299847,96.7294664098549,48
"R1401",3.9922488121083,153.613961277916,116.081769317755,41
"R1402",3.92679835134186,154.274375314488,113.293180599545,36
"R1403",3.75443534366786,103.690560935147,102.314685291833,34
"R1404",3.81825375615153,134.711828349431,80.8696565364456,42
"R1405",3.82558427972253,111.995965568923,96.414642812268,40
"R1406",3.93011421058327,144.126103051274,98.7282287384061,47
"R1407",3.51121923117898,101.058722332854,94.9779709029218,39
"R1408",3.6849233355606,111.016348058527,102.337934058333,43
"R1409",3.84284919314086,109.266885468729,101.966642887828,51
"R1410",3.78703746316023,109.665390672879,102.898592483628,38
"R1411",3.75833951099776,111.547052012036,108.443704908451,40
"R1412",3.98199426743668,167.438675894522,94.138554074454,24
"R1413",3.71099867741577,94.6136368966231,93.1594206936677,29
"R1414",3.88487604120746,124.405958711751,98.640315888623,41
"R1415",3.72311673022341,109.133881890697,105.887221987867,34
"R1416",3.59452484338544,92.6178739562981,90.909434165312,43
"R1417",3.8964774197666,124.702790308595,106.846699133346,43
"R1418",3.71515744249336,97.6541416390776,94.0280697689293,43
"R1419",3.76848178252112,109.448196774732,106.769696845422,35
"R1420",3.61983596929349,104.790560355136,111.99721192733,43
"R1421",3.95346556603909,149.750976027829,90.4969687885405,49
"R1422",3.77976464712992,108.647585581765,108.016074756369,30
"R1423",3.84664951299783,118.338523596255,93.1699819690367,53
"R1424",3.65406280197203,91.925769399094,110.179346600089,50
"R1425",3.6822739004856,99.0108966344814,110.167336552864,33
"R1426",3.68888749065809,108.499890590146,95.1887685049433,28
"R1427",3.74548970640171,112.963536257941,109.822645120252,52
"R1428",3.80260379042011,120.829110907639,95.4223864692213,52
"R1429",3.63002457725815,95.3054875423295,94.3142411859932,46
"R1430",3.60001215722878,97.8798706234822,108.087021803442,31
"R1431",3.55374145112,79.8902221559492,92.533945233398,45
"R1432",3.69115463725757,98.9542358443106,104.833383970709,46
"R1433",3.99447078304365,154.7901524068,94.1240715426605,29
"R1434",3.61348997987807,99.131660324773,96.6461909854721,46
"R1435",3.60400807671249,102.00295258416,91.6505103325358,42
"R1436",3.56597994978074,86.9745022828079,109.442487190635,34
"R1437",3.7843161970377,110.230704953791,112.400593951855,46
"R1438",3.54867044754792,95.5332408304928,78.4993404819405,28
"R1439",3.8911506831646,127.094705536801,122.531968182843,40
"R1440",3.65615807042923,100.824141893773,93.4749928213804,33
"R1441",3.63867910171393,81.2695697132128,93.2365974322036,34
"R1442",3.84705437906086,135.206659871782,105.332874371049,47
"R1443",3.63390285137575,114.463740160494,91.5889574573423,31
"R1444",3.80503192450851,106.838162734132,100.666268116881,42
"R1445",3.90097156306729,142.468140540051,121.308149559987,33
"R1446",3.78345646010712,111.866588310101,93.7416837474965,38
"R1447",3.96849579783157,145.850901630223,105.572421713981,38
"R1448",3.90802831214387,132.427137099402,114.910358006127,50
"R1449",3.70128270203713,90.6467455308398,91.1533399189278,31
"R1450",3.94818951934576,144.396958503736,112.378820966389,46
"R1451",3.90647627750877,123.382960002841,97.9706351585836,55
"R1452",3.84404308907688,111.868415450526,93.9263024606103,27
"R1453",3.57543727871962,96.9314071019969,95.7892704213463,28
"R1454",3.63462280703243,101.191595670232,93.0745107004004,36
"R1455",3.85543520597275,129.777863869739,107.367551736734,42
"R1456",3.65438383223955,104.159672784549,89.5221944634066,41
"R1457",3.97679265984334,147.503998735389,113.966478986079,29
"R1458",3.51080744585488,73.1736546645148,89.763435921228,34
"R1459",3.60839207074605,90.6199678569065,84.6969399412227,33
"R1460",3.98696047370322,156.094747499903,106.150975213812,56
"R1461",3.93277617776766,139.545688441247,102.463684303128,40
"R1462",3.90946557652205,130.255652226707,110.835060887654,25
"R1463",3.98534108826425,158.079608575914,109.333371291121,38
"R1464",3.97834750555921,143.458438806548,98.5883799706118,41
"R1465",3.68366614182014,104.497843540258,100.400553619172,45
"R1466",3.881325488328,109.548272608849,85.2153199386552,66
"R1467",3.94337807036936,133.252484971373,104.349436961094,41
"R1468",3.65537181834225,100.959025228211,114.300970414781,28
"R1469",3.98619997850619,159.56542891882,119.075125513211,61
"R1470",3.75851179996971,117.159168117947,111.610067330903,38
"R1471",3.87873879889958,121.941417697769,115.822685139265,34
"R1472",3.87235830817372,132.572003688679,85.7873166750346,39
"R1473",3.58457480208017,89.1073693992167,99.1313489442076,47
"R1474",3.92360235867091,127.715162654578,113.009859504955,53
"R1475",3.61834210029338,95.5481366123396,94.7892541797094,34
"R1476",3.76650530053303,100.918261500638,97.866945303829,38
"R1477",3.51375209388789,81.4019781751404,71.5635158650554,31
"R1478",3.80243706668261,99.0946872534341,113.893084672406,45
"R1479",3.73721321846824,100.066635206574,98.0897753825592,37
"R1480",3.8350235268008,126.966584678397,114.24985791479,48
"R1481",3.50420161115471,84.2715449842712,100.595486648378,30
"R1482",3.58440257806797,81.7688515050544,96.749393150387,31
"R1483",3.88909332850017,139.130063192514,99.2308042175078,39
"R1484",3.83351292810403,121.956619639509,101.037130971404,23
"R1485",3.91117383202072,135.831519737727,107.236171663303,37
"R1486",3.8381157516269,113.724788593015,101.623382753486,45
"R1487",3.7844504727982,118.918757995003,117.090946316569,41
"R1488",3.55255423684139,105.252305061967,90.9058926496063,29
"R1489",3.84452301904093,116.357853433381,113.450543547549,37
"R1490",3.71970995294396,85.8748118057746,93.6968366012221,40
"R1491",3.86646371462848,118.720820617943,97.9946400099731,40
"R1492",3.84143118630163,110.651383835868,97.6746100712042,59
"R1493",3.7999656876782,96.9555884441265,106.335980123666,41
"R1494",3.84666793537326,117.732157839849,98.4816524905475,48
"R1495",3.92094731517136,133.340859215086,102.256559479325,44
"R1496",3.64068303769454,113.205108136124,109.045419667855,41
"R1497",3.81658822239842,92.0659820495319,96.0248208956797,47
"R1498",3.85472427192144,140.239209172009,93.0121830434621,53
"R1499",3.83443447831087,118.750580930067,111.607800454646,48
"R1500",3.81767845444847,111.257364337709,107.571819469347,45
"R1501",3.82690024049953,112.315112830153,105.86219578977,58
"R1502",3.73000554402824,92.848466137151,73.8460968143506,35
"R1503",3.55884554295335,93.1843271210043,101.426692685231,42
"R1504",3.99946244410239,149.057154326301,128.123802718794,43
"R1505",3.64033951435704,91.2858208148461,78.749902394598,44
"R1506",3.72221351473127,96.5063039400623,84.7731272995628,29
"R1507",3.71546963159926,106.490462956898,88.2054331845117,31
"R1508",3.88216583360918,118.508453652983,105.203689911867,41
"R1509",3.92708335956559,127.241022206478,112.664037876136,42
"R1510",3.7280109799467,102.369551155147,109.698929659129,28
"R1511",3.50403797405306,87.4893825280752,67.6766350790615,34
"R1512",3.73721352848224,91.9365772019933,94.7129873047054,54
"R1513",3.72825106512755,102.717740127538,99.8878715259411,34
"R1514",3.72747024241835,78.1648723671578,108.397444595169,47
"R1515",3.74127977562603,106.898734297383,116.700244723506,34
"R1516",3.92065126588568,145.602778895912,101.784965690044,41
"R1517",3.5225252804812,94.2176015560497,75.5218310948197,37
"R1518",3.63868201861624,87.7487098418645,95.2741685095153,26
"R1519",3.82010112679563,111.954601056605,91.5136493996406,46
"R1520",3.52884176746011,74.9630852885151,103.232093246083,27
"R1521",3.69770746713039,105.614754724699,102.460193360237,31
"R1522",3.64972009311896,103.369027579459,90.8912010473808,52
"R1523",3.69423661450855,97.8962558136215,92.0126936966111,41
"R1524",3.82672134821769,118.671705988178,99.4066151779516,49
"R1525",3.52961245016195,106.989143916779,87.202885426346,42
"R1526",3.56213584390935,90.199084289728,108.349212466978,27
"R1527",3.74726431409363,97.876731784674,121.013699601651,39
"R1528",3.52043731173035,84.6440820608577,106.378482675828,33
"R1529",3.62242290575523,94.7248335181287,88.2169185857773,18
"R1530",3.88462951674592,118.377080147696,95.0270520827992,56
"R1531",3.95566972892266,132.679117704497,95.3263665964615,61
"R1532",3.74410541681573,110.521948536343,87.79002670946,42
"R1533",3.58686297421809,99.867356587173,85.1675871184158,37
"R1534",3.80770986911375,120.59265009376,105.906116190534,44
"R1535",3.7542609940283,120.599025064429,95.7279106892385,34
"R1536",3.76937558932696,115.258200211998,99.4676832554125,31
"R1537",3.64358640776481,108.592938433782,90.9585977575436,40
"R1538",3.70513572415803,119.814491335832,102.105438032441,47
"R1539",3.82457092578989,107.740413759919,115.485851477399,51
"R1540",3.68332947534509,107.922812862293,90.8668856663868,33
"R1541",3.5114466464147,92.3199815045505,96.800645642752,47
"R1542",3.88633633812424,126.260396549528,115.398585343251,40
"R1543",3.79307481821161,100.857371625705,105.811540198244,41
"R1544",3.86933962756302,114.483126439686,108.402707053828,48
"R1545",3.62020890880376,97.1032103325246,88.8710128669989,49
"R1546",3.77311400615145,106.040410160338,115.537552623344,26
"R1547",3.50393313111272,104.437413611336,99.8884370724714,42
"R1548",3.61344039684627,68.2977025822525,96.9134292798472,48
"R1549",3.87036792573053,133.477724595807,107.669455356653,59
"R1550",3.5947975164745,95.4186345054242,83.351543814422,32
"R1551",3.99094160064124,163.758614480577,121.508404532083,40
"R1552",3.81652638455853,121.157783740376,105.058507972516,48
"R1553",3.71457162918523,99.9882417826155,112.053194138442,36
"R1554",3.57088162621949,94.0201131940139,93.2235742933934,38
"R1555",3.50349289807491,99.0458083931988,109.292214877394,28
"R1556",3.56589905917645,103.823957192034,89.8742149051902,30
"R1557",3.9195040409686,130.615069893383,100.844953539849,46
"R1558",3.98754300281871,160.158654271884,113.226074723068,45
"R1559",3.99595591530669,163.380857669747,93.9966015581284,40
"R1560",3.850964108482,105.859591787521,99.2274833064434,34
"R1561",3.88509794452693,122.689208553411,97.578286974518,37
"R1562",3.66207343828864,94.8269533160249,95.166620233612,52
"R1563",3.96358867769595,147.967976080712,110.590128813019,41
"R1564",3.77201180660632,107.873240428474,85.0602757586491,43
"R1565",3.65712892974261,105.668832062882,104.339505146753,60
"R1566",3.83953438419849,114.759334247866,105.897372615677,39
"R1567",3.59676344005857,89.0477912395879,96.2733942098358,43
"R1568",3.60889339388814,101.800906452323,113.01115207918,41
"R1569",3.67066319787409,104.538291395505,94.1084337467897,24
"R1570",3.76185792195611,121.242607191069,97.2603151667848,28
"R1571",3.89380853809416,142.784885375149,123.20577274095,40
"R1572",3.65796276181936,87.3450102318813,97.6439164162342,38
"R1573",3.52969801402651,90.2902261475809,91.8543785129449,52
"R1574",3.5829098704271,87.8415849086172,112.380086026997,29
"R1575",3.72256223554723,106.306184917472,86.3371544595952,43
"R1576",3.71419323282316,95.9622490732211,94.6238135801062,28
"R1577",3.73110954265576,125.810766883523,96.1342666820803,39
"R1578",3.72087801015005,90.1113255678308,83.2507950085039,35
"R1579",3.67162369657308,96.8774557061065,90.81244859664,45
"R1580",3.55708115117159,100.04592052664,100.147732207465,26
"R1581",3.68545986351091,91.63846523496,100.152996330948,50
"R1582",3.64442148245871,96.7036829692367,93.2349191570496,36
"R1583",3.564396591275,80.6793550561861,89.340292332954,38
"R1584",3.9822940643644,164.135331209068,122.971257211966,48
"R1585",3.58834172482602,86.1946203643922,84.9071525809167,36
"R1586",3.81799669878092,105.590922571353,103.682584536963,51
"R1587",3.80120691773482,118.960163965195,86.0058019638878,34
"R1588",3.72435190714896,98.0091574793989,94.962843581914,39
"R1589",3.63735542923678,105.499001325532,115.240099363526,36
"R1590",3.57071911217645,103.670630341735,94.7639287434835,46
"R1591",3.80555649055168,112.887221965067,100.1780076783,42
"R1592",3.57100068347063,97.7907666613889,72.1942133033221,43
"R1593",3.57216128346045,106.435181403492,86.7564783670687,38
"R1594",3.61820838123094,95.5121593078144,111.190809277539,40
"R1595",3.52900969225448,89.4723770908555,81.9182534388433,35
"R1596",3.83421388315037,123.771365961339,98.0310059903792,42
"R1597",3.91233440698124,127.921470376096,113.639355086436,44
"R1598",3.77279817534145,97.0307051752988,78.8953550920641,38
"R1599",3.90641992690507,130.316419884306,97.3677506881994,30
"R1600",3.74713227583561,106.374670144367,102.805626957161,40
